idx,y_true,y_pred
165,0.758320995,0.8821552730809495
4107,-0.797569062,-0.3905940462516054
1043,0.896992384,0.8854398431497879
7799,0.303165918,-0.24694581228883034
5233,-0.716254509,-0.7933380465365344
3720,-0.001025597,0.2976488572006089
4946,0.046047376,-0.17588397319189017
6720,-1.215432265,-1.0449502518541647
1330,-0.135348607,0.3238766427031092
9755,-0.063212047,0.2508017671327291
821,-0.936659915,-0.513855682944326
1650,1.028319829,1.2022097809640726
1234,0.680878893,0.43977652260908084
2872,0.948019852,0.3219117464193795
7008,2.214939035,2.618910533783089
47,-0.97658024,-0.6594435721343253
2388,-0.996048896,-0.728989372662564
6283,-0.862348895,-0.5566719229730305
9690,-0.807303145,-0.6618827506093229
1196,-0.141907639,-0.14779897867800437
7030,-0.370296925,-0.7795287231455075
1725,1.081711149,1.4075057838525096
1318,-0.823746958,-1.006600618647785
2139,0.76628808,0.32603050027426805
6533,0.510797676,0.8874026100865425
2486,0.207590205,0.09145101006314563
9630,-1.663159675,-1.0618326838974488
3106,-0.601684541,-0.9896270041275943
8512,-0.342809014,-0.27146015177249927
266,1.265891537,1.7556149281794904
2778,0.67179723,0.6532679700419614
423,0.201876767,0.4933480522863066
2622,-0.333679186,-0.30853119762119174
8224,0.050802703,0.327110454919298
4183,-1.059867347,-1.235339643025331
982,-1.009308868,-1.2994017109387639
3343,0.966484136,1.335484307815745
9173,-0.045627195,-0.39099519225214324
5463,-0.539091256,-0.7635200753864941
347,0.693194357,0.2709552246870334
1227,-0.221304607,-0.26540520748854657
5109,-0.254575966,-0.23025120312975286
10616,0.999957825,1.1120538466863445
491,-0.955178486,-0.5111952443329922
6572,-0.749896455,-0.10699433862452712
3850,-1.000780004,-1.1581787261200407
6985,-0.686648215,-0.8531532254632328
8901,1.589380185,1.653630867339525
3929,0.012480501,0.06415681692331125
1406,-0.174307009,-0.6008502090225532
6031,0.743824947,0.6163755427423085
7104,-1.014774785,-0.8248071919654719
3839,-1.068624378,-1.1617166896154711
4818,-0.79881031,-0.6105284207314507
1331,1.003966729,1.369595284509195
4537,-0.108986082,-0.19999110224314026
9408,-1.443179956,-1.560001024457613
922,0.214896734,0.2547876362440628
1912,-1.296707015,-1.105291684567773
5138,-0.380253511,-0.5879587432701383
1240,-0.17633208,-0.29007040229624614
4346,-1.005034776,-1.0192459867633308
225,-0.670902928,-0.3442177489097901
5261,0.369882164,0.13617633754400435
5645,-0.530493548,-1.0533778071459996
6852,0.023220885,0.03286382908936827
9279,-1.298518575,-1.3906330772775304
8101,0.338186087,0.1344919830610604
8367,-0.797309738,-0.6824332249828211
2325,0.918951971,1.119574467677754
3105,0.581326318,0.6897515131819308
1104,0.854077175,1.186532020021255
10385,-0.043561015,-0.08416128517693292
4316,-0.708506339,-1.0467551686859116
7495,-0.786247358,-0.9363256629760026
1531,-0.376109625,-0.9066414346688555
9738,-0.181812597,0.09510085116802855
5585,-0.157282207,-0.37447162614033624
8764,1.028758185,1.00945689078625
1427,-0.523143073,-0.8541055827165049
1219,-0.611373264,0.03217147433201639
896,-0.251455364,-0.3015907880950563
3898,0.531780782,0.6605830288405203
7252,0.497198925,0.8142163983841255
212,0.260341106,0.5465416350479606
8624,-0.699942675,-0.3933538419965575
10673,-0.756830705,-1.0328763744373057
10698,-0.756421365,-0.6000566276433825
8208,0.152218515,-0.17109770873748048
6866,0.379792006,0.7082315566681976
5388,0.666157126,0.26694558660072215
3682,-0.154202967,-0.10059455195685732
9396,-2.480503533,-2.2894311092991044
4565,-0.586107086,-0.757299215060034
6124,-1.066087345,-0.6069869756936765
7221,-0.723704655,-1.40609096436186
5192,-0.015134972,0.15167165705268723
2709,0.662464134,1.1314881416496325
3096,0.160272058,0.47278945721765536
1889,-1.157134905,-1.1614705862634838
7928,-0.59068921,-0.49657225513092784
7960,-0.33168568,-0.5208232162556432
2049,-0.503662575,-0.45710536984230626
10288,-0.213294664,-0.3893030406285618
6177,1.701034345,1.3379860619757526
6801,0.925765795,0.6536949325833817
10590,0.31222614,0.22842106588292355
2219,-0.321936695,-0.396044405223799
4308,-1.129349166,-1.1884257083990668
4445,-0.077728638,-0.3061352189426822
8741,1.050018415,1.5060459372973303
8272,-0.699587264,-0.8592304310519306
6022,-1.063392515,-0.3157373154197941
9489,-1.264678495,-1.1840232590797024
3071,1.022767482,1.5335218794388816
5598,1.051191677,1.0852099945900069
6835,-1.043929145,-1.3969226281700158
3931,-0.869518547,-0.41110913918365016
3114,0.3352901,0.45198371880565513
7462,-0.942171445,-1.2964631900993158
10668,0.443759166,0.4634945728424248
2457,0.30593065,0.37775200016061317
5859,-0.427034234,-0.616465342244955
2829,0.080346645,-0.02960546111041555
1789,-2.308307951,-1.9061728171930568
4060,-0.489814842,-0.2648447701728868
442,-0.784909782,-1.4051424120119629
6145,-0.347161339,-0.41319545837644855
2454,-0.323945402,-0.11932978228621402
1296,-1.199731955,-0.9240090101036695
9880,0.521800735,0.5355890158146802
10224,0.194028596,0.5764245332115023
8345,-0.388520601,-0.28880755094411714
4749,0.824542483,0.8538864709279922
3249,0.759363871,0.20199343558051386
3170,0.159553405,-0.1241704132090343
2314,0.761225674,0.9610029496163384
3875,-0.630499465,-0.2729296646759281
1469,-0.983594926,-0.8502141255339578
7853,-0.999504198,-0.8371078097975165
4771,0.178594299,-0.11384767377685256
8859,0.466898385,-0.07756676384442174
9683,0.509343065,0.27666115656871915
8564,-0.527552269,-1.2338971458089807
3568,1.0084879,1.0757897970334247
590,-1.064936283,-1.0434664118341823
886,0.39405771,0.5692361655977891
4826,-0.825671347,-0.8003198032921413
5346,0.884134597,0.8016939055741936
6126,-0.881812775,-0.5302697320178466
5040,-0.394916093,-0.2451873481586752
7869,-2.6665458,-2.449021486665748
5039,-0.055127951,0.059822505927670085
5979,0.523902134,0.6697951320050665
3155,0.506408616,0.01702587136171635
2234,0.715312825,0.3519612462157657
8784,-2.626876005,-2.9880500996899144
6730,-0.906256445,-0.40180870777459543
2571,-0.617958282,-1.0525357063900633
7123,-0.464821005,-0.4782029646549004
10512,-0.522412105,-0.5509495682660409
4617,-0.574629596,-1.4258815284192137
783,-0.67713175,-0.4939560264148531
9829,0.413788004,0.21784678702101773
2973,-0.248479119,0.3477036807692424
6650,-0.236249115,-0.1590730886665495
3923,-0.597338992,-1.0808091997308482
5617,-0.811296389,-0.9091001377450547
9904,-0.290178252,0.0009682858840139308
5300,-0.486184163,-0.5487846743661398
7276,-0.089080551,-0.405491887489776
3011,0.633275162,1.031014156262657
603,-0.241931244,0.1647601136414853
4478,-0.135981136,-0.5543296566577784
130,-0.529401963,-0.9946009923198398
6343,-0.252350619,-0.3018747885009138
2585,-0.233960077,-0.4216632632488637
4921,0.056172868,0.1477458059594059
3630,-0.484530663,-0.3055983217254742
5799,0.301467439,0.10665799311583574
2848,0.479175599,0.2968130207972547
1191,-0.221367193,-0.6215748414754613
9779,-0.188308385,-0.07775910894828837
3578,-0.179153629,-0.4237663174948363
6439,-0.673333395,-0.5149815900253238
1001,0.142375675,0.4197657798738307
5739,-0.760068782,-0.7303886458913349
4810,-0.851386377,-0.6244398707051705
3068,1.153328518,1.2209077531742647
4071,-0.972478396,-1.183896926683265
7519,0.575155456,0.776170357544657
3473,0.343319091,0.02513757108101977
6247,-1.018622905,-0.8259325344966472
9116,-0.568050285,-0.08415683382208372
7981,0.33598625,0.18474764790450088
7200,-0.135590685,-0.09369518273523102
7063,-0.996874898,-0.9617376331550446
3938,-0.47613908,-0.5809708781650867
5308,0.602678138,0.3749869283289966
1073,0.135898141,-0.24899952625657087
61,0.094082271,0.03838457800085486
9846,0.608431169,0.6889551511083687
2671,0.229825307,0.4044332771254181
10226,-0.601569682,-0.8003771270464106
1139,-0.328982502,-0.11863067930673052
3599,-0.0961502,-0.16439307798602232
4736,-0.050885968,-0.2881505055083696
5200,-0.454350653,-0.5535831218069158
3136,-0.019722539,0.26574239217221285
3643,0.819637223,0.8091349399981292
7061,-1.108603715,-0.9293424032315817
113,-0.502722017,0.2362506167455859
1727,-0.679056275,-0.43663893551565647
3536,0.338009878,0.5416939743286698
5876,0.528945764,0.043605579855398924
7680,-0.393849543,-0.23401458020321275
5399,1.088627195,1.182074452639337
6837,-0.205404075,-0.7365484163328234
10774,-0.766860975,-0.16862385277966796
8969,-0.566424555,-0.11853876817385173
4759,-0.000900833,0.21567021263144243
2208,-0.954071935,-1.0479893441569463
3221,0.697426544,0.9246750888012457
6908,-0.233727925,-0.4916119791635362
736,-0.94124585,-0.8644369297058374
4009,-0.582067556,-0.3920695081786285
1467,0.02546659,0.14386804894689434
6396,-0.831181185,-0.7961321327483449
7842,0.289329337,0.486772247800769
4643,0.156623419,0.5733307278888286
595,0.763848171,0.610843251343576
7445,-0.471708387,-0.02088808910832357
3818,-1.239202204,-1.358506112084381
10130,0.862060042,0.9593637553584771
2767,-0.33834485,-0.20192257635765967
6487,0.061226075,-0.36086716363119664
1860,0.887721738,0.8474291155588356
7548,-0.370474405,-0.14849118958620514
5570,-0.475939213,-0.4767750462000704
566,-0.677172431,-1.2886097915533563
4460,-0.501943364,-0.14536431707389752
4639,0.44578138,-0.4039163974952422
1090,-0.580665489,-0.6021458668242192
2034,-0.094227925,0.2238350472496639
1994,-0.667340395,-0.5619059327375251
9908,-0.264458015,0.05408697879691954
709,-0.513236632,-0.00429972151298863
9412,1.271196996,1.4388055808765459
3456,-0.346373161,-0.019742264734998405
4893,0.571488586,0.5342821697830009
3965,-0.981460193,-0.8725255046766429
3542,-0.341009389,-0.07718427665877908
5895,-0.034940097,0.2670789243681194
1351,-0.593256741,-1.133850872274006
3707,0.58024657,0.9859073736601434
210,-0.529057467,-0.35779031379204995
6265,-0.705194945,-0.6632988381303948
2918,-0.187914606,-0.15849434413831665
5298,-0.347928019,-0.13903116037590293
8518,-0.224477454,-0.41475986904519413
8790,1.710292165,1.0758840852778793
7371,-2.763611123,-2.746147304874483
5808,0.486497366,1.297405635321525
9161,-1.470015035,-1.5006169190381786
10014,2.193572315,2.4404688926009963
5490,-0.202480316,-0.3257877969509519
5221,-0.365895288,-0.3618601786142121
6442,-0.476827529,-0.8918297620914831
9371,-0.706735249,-0.7217083189123485
2515,-0.338703224,-0.2403393667521928
1793,-1.602611732,-1.4012097090648603
2217,-0.358932945,-0.37877272938774675
5225,-0.491538003,-0.8135364126668687
9234,-6.627332925,-6.274232733962899
10780,-0.764895855,-1.138864444847828
6574,-0.749900225,-0.7022734097187371
3485,-0.258078751,-0.4126442691424728
5510,-0.33806158,-0.2973925550755872
9648,-0.579039155,-0.4845475935334004
10827,-2.494047535,-2.4097801970196486
4709,-0.865465411,-0.8770882794968629
7704,0.395243871,0.16671575979520634
7111,-1.001462885,-0.9524547785252598
9382,-2.559118041,-2.9368375144344583
6858,-1.042043965,-1.2274920996050882
1913,-0.725661045,-0.5754077025166628
6722,-12.39655226,-12.296541304621737
5296,0.68484849,0.7087205504826498
1252,-0.458477532,-1.0565982247714367
6452,-0.823691775,-1.153214540388766
2602,0.988627128,0.7980184113523112
2943,-1.065601194,-1.1227521257993436
7713,-0.091962781,0.008006379497006527
9988,-0.957966575,-1.2522505931040109
2296,-1.028761334,-0.9032418677333948
3562,-0.353201313,-1.010177824493566
5115,-0.314491623,-0.15868399930863358
9992,-0.815024185,-0.6163735588157501
8795,-3.085245145,-3.6299398377636454
6632,2.204920875,2.086906185676603
3776,-0.942106954,-1.4914504175015049
10836,-1.058884915,-1.2656679019457162
6948,-1.019872585,-1.1302079429713168
5715,0.248411227,0.12068454560452285
6326,-0.644731915,-0.7997859799521486
4718,-0.77505069,-0.5582026215043464
8098,0.307104698,0.4377685936977092
10137,-0.538943771,-1.0888949065096183
5944,-0.8045896,-0.656724408444439
9289,0.115960525,0.3834706993208725
5883,0.210412434,-0.23973053074890047
8071,-0.314969591,-0.11256109765741404
258,0.388783463,0.5219292914438685
7628,-0.273078698,-0.7549557345205874
5624,0.031925212,0.5466975013398083
4235,0.716430022,0.36259212264766594
6021,-1.067770575,-0.9480021171182018
7566,-0.484114873,-0.5916359456538666
3869,-0.488939315,-0.1901038505266613
7746,-0.990126339,-0.5644156555898208
4840,0.378127485,0.13621440626458506
5397,-0.921003709,-0.7010874245602003
2186,-0.007529975,-0.43471712073504354
273,-0.311076595,-0.3080066766941239
9467,-1.591686975,-2.1495858871649394
9390,-0.638888475,-0.6747861457419451
1019,-0.027806633,0.09944315092057493
10540,-1.158032395,-1.5761776893622617
3154,0.709150705,0.3975875587468083
7150,-0.943827885,-0.7378575609740472
8668,-1.098693725,-0.9832038001857096
6653,-1.618542335,-1.5172125052836196
2489,-0.364235666,-0.9401376128592969
6039,0.265679843,0.5108717041214978
8453,-0.313881695,-0.5013320805303447
3698,0.161651675,0.4415900967023208
6429,0.066008925,-0.07396329636083299
3089,0.250460108,0.29353648895154805
1410,1.485029301,1.8834875435547174
9507,-2.428647409,-2.210496031139815
6909,-0.013323145,-0.28049378817730425
2490,1.065929091,1.061777767171729
5000,-0.828577387,-0.9557052916068111
1856,0.480431289,0.8981708790192986
3861,-1.116591109,-1.3533926607159024
5106,0.091195143,-0.21779653943308072
7848,-0.644497001,-0.8396939874008584
5470,-0.6139261,-0.15929265749432575
9401,0.395049922,0.2770445845531382
4250,1.156388574,1.4789915945870693
537,-0.615712391,-0.7310790542689476
2383,-1.085038557,-1.0996342624711355
10465,-0.244835045,-0.45746850581644943
10758,-0.349684845,-0.22725602742901668
10315,-0.64582478,-0.37120388885451894
5809,0.80185227,0.7326537700080876
1150,0.796031755,0.4986140501631079
4548,-0.020986644,0.10217838159828496
3095,-0.601814203,-0.21797472350267466
9026,-0.962311235,-1.0932656939796632
10079,0.456221028,0.14428306064152957
1204,-0.466177537,-0.45151951590228867
9413,1.579664644,1.458273087987716
1882,-0.723941895,-1.0942465565639765
5198,0.531849491,0.27791920056230646
4830,0.926075639,1.1867073891772313
5712,0.19913971,0.45616093644113753
4398,-0.913903987,-0.5898871692582068
8023,-0.208934175,-0.49414138302457655
2526,-0.920232131,-0.7942037838644476
1731,-0.704093605,-0.8088886438354592
3122,-0.168415609,-0.021053309376401125
6354,-0.259234282,-0.8823702381321622
1118,-0.104446679,-0.04411696498550975
3218,0.505671867,0.2850808287954143
4956,1.122671493,1.0639619336559294
10683,-0.192622584,0.04111660367650563
6663,-0.894192515,-1.706455671614353
9206,1.847355625,2.1631198182204248
8824,-7.862331795,-7.597249759201749
7526,0.341882375,0.6466635420690668
6508,-0.312198855,-0.679164924018579
781,-0.254263579,-0.6548668866130304
457,-0.120615139,-0.4311878357258122
10633,-0.844973085,-1.3035504738777859
2791,0.206751006,0.039524090067503626
1950,-1.158645295,-1.6905550354620642
1089,0.261728614,0.20282365927450655
9704,-0.861139935,-0.6984127441403695
6196,1.712601725,1.2833523645125986
3066,0.871999272,1.3984791934941725
3208,0.923087013,1.193206589518519
2885,-0.742564243,-0.8924832958454891
4673,-0.877374473,-1.1939067756441348
10560,0.962973605,0.8314453948354179
3263,1.117778206,1.4696052595802336
692,-0.848662517,-1.1729815152799692
6566,-0.52800289,-0.08546918070704335
4145,-0.359031353,-1.148250394048719
3656,0.590804859,0.5929583990723826
9540,-0.828496515,-0.7299033072585575
5941,-0.473174944,-0.24175440552887
3793,-0.959663739,-1.031863291359064
1757,-0.176298883,0.10956348116088163
2564,-0.641831646,-0.9104355427089073
5390,0.499284948,0.2894605859630137
1653,0.264066888,0.1581170001567935
3547,0.540564617,0.9805268747835809
8176,0.286280166,0.7663095200461434
7386,-3.074944267,-3.169769155336892
2819,0.73968419,0.161382416196317
8696,-0.829014695,-0.12532744643106786
3832,-1.119662594,-0.8088362986861233
1544,-1.047819371,-1.2284829891085343
5215,-0.600472791,-0.4491864349847182
6512,-0.363053055,-0.5915294145108659
4177,-1.05821997,-0.9661256481941286
5104,-0.823118103,-0.7030473463419674
4693,-0.51145279,-0.3533834129002619
9065,-0.897243865,-1.0073662588054548
5015,-0.851336308,-1.004865375382691
5438,-0.110280392,-0.007732827813510049
1800,0.772928474,1.343285679725902
3085,0.81977464,0.9127743349496665
8384,0.245021096,0.2820498505110946
4918,0.839719904,1.2450541309960146
5892,0.527897854,0.10817432554465739
2678,0.762022968,0.7906262278323924
4237,0.737454082,0.6332633953126471
10773,0.699306034,1.1039139935936537
9132,-0.628033635,-0.554804101949284
9512,-0.518830545,-0.22505262171391122
6303,-1.850910835,-1.5126049466450713
1923,-1.293849235,-1.222075175766655
5907,-0.179209684,-1.0490638479605445
8755,-2.644416185,-2.263639483430414
6383,2.191690185,2.153734515913815
9650,-0.713864715,-0.3768365288712715
2426,0.026842534,0.1984597665142432
9277,2.236719445,2.3560106955328837
1254,0.696442716,1.0647434137419876
7669,-0.007816266,-0.020194161795018123
1171,-0.315467832,-0.23111040480918726
6138,0.580359089,0.5935077288381285
2540,-0.404940631,-0.6178145874247518
5366,0.350018806,0.7589874985396752
9473,-0.127661795,-0.2799700335169132
4216,0.78431018,1.3413044109685863
8713,-0.862165885,-0.9606784628250408
5354,1.147787464,0.9859100977788606
9834,-0.804308914,-0.15465247833803308
6057,-0.475727215,-0.1680375808382253
1245,0.586366682,0.219184601971323
1305,0.700654358,0.4311139634626888
996,-0.280377528,0.2589284300548567
1180,0.770129375,0.8240976203460435
9954,1.956008815,2.0322471211214306
183,-0.401212127,-0.2564704024270444
934,0.660645869,0.7926502040159997
9012,0.155762805,-0.6004912969718204
4495,-0.375180629,0.12803249734164673
1364,0.611268228,0.9702396784993474
2561,-0.982943758,-0.9572376095789923
281,0.177968709,0.376607911356314
5569,0.517515078,0.2180514004465784
8733,-2.168363955,-2.732494618218924
2470,0.490382471,0.8122758853298035
9251,-2.284632922,-1.7814727690101713
96,-0.205955617,-0.1171195338806272
428,-0.191154802,0.1263725440548763
2801,-1.06526731,-0.25735721080585117
5705,-0.761360779,-1.387098510671501
3640,0.041335589,-0.10774401853539345
8308,1.068522064,0.8761725851809448
7314,0.082687916,-0.25269036641102194
3964,0.820955886,0.6384879337665723
3639,0.083258671,0.22060035397773542
7986,0.326937648,0.393126889292149
4254,0.890795128,0.9609495357368796
3471,-0.33885969,-0.36312323935963836
8525,-0.261715552,-0.5783127995777378
5322,-0.354719573,-0.0294600997869372
7696,-0.252966832,0.05652930037255255
8893,0.328426925,0.005658776382722108
5770,-0.413517115,0.15301396688427693
3864,-0.671111639,-0.7826690036835997
1921,-0.724809515,-0.5004364381647399
10545,-1.343620365,-1.2090963901562672
5874,0.450282687,0.8316022848021101
3386,-0.222754837,-0.46762001036258943
9058,0.992707685,0.5480382578968074
1255,-0.659415914,-1.0223082196073616
1936,-0.634384695,-0.558262796551628
5968,-0.06580733,0.03557933624350758
10652,-2.502202905,-2.6184771723766707
6457,1.218159205,1.5169513086539337
4955,0.579831324,0.16304170493670295
7142,-1.004001015,-0.9937194707399334
2037,-0.095387175,-0.24807626271224964
5055,-0.230014018,-0.5664730622275083
4540,-0.657020904,-0.9690790199447694
9072,1.229877355,0.750591436249463
7551,-0.022781375,0.5523963695278369
3619,1.387454585,1.6558487412721616
7768,-0.187779578,0.02036745815773064
9587,-1.053344795,-0.8790449330114922
4074,0.081343126,-0.052439988158348036
901,-0.054890667,-0.1728923106982082
8496,-0.168840786,-0.008203161777109946
1456,0.421988427,0.6479909133313597
3607,-0.475643425,-0.15104798222501736
9292,0.115523605,-0.3545642063502058
7747,1.185360535,1.273366145896895
3184,0.753658597,0.5195988582647613
4330,-0.856917635,-0.6525089370274083
9944,-0.088908979,-0.14680338932820688
9091,-0.038321345,-0.1425788277556574
7145,-0.726463265,-0.5837376674505405
3057,0.810780053,0.8720967624808931
5475,-0.056900092,0.43412189654919187
3425,0.128975293,0.44815758926825683
191,1.040408758,1.2973283962970417
9502,-2.239796111,-2.1871238855222535
5458,-0.436058889,-0.7469516632121311
10744,-0.998059165,-0.49460518836253897
272,0.3245797,0.673528825646488
8129,0.331002553,0.41536605777521957
10261,0.538854075,0.8073330934696682
6963,-1.070069945,-1.1727145403381716
2836,0.9014009,1.472641876871902
4333,-0.541536199,-0.4817090032039699
3785,0.139440927,-0.025724652512546325
5762,-0.458831416,-0.7532291969552394
2071,0.87136171,1.2422009265418654
2262,-0.470553944,-0.0998192864533538
9611,1.911592135,2.102310092932165
6780,-12.39655225,-12.035972749138136
7459,-0.642141584,-1.0465403193101506
10074,0.626520889,0.9018513483385412
10543,-1.307332505,-2.150520999985425
6601,-0.199317809,-0.18178296478830505
3030,0.375830028,-0.37066817802389684
28,-0.396295166,-0.5764867729756414
1895,1.281665195,1.1706618860353617
2648,-0.606182692,-0.6014971918151191
7198,-0.867482735,-0.3348354802279855
157,0.059353334,0.20150321027353627
7346,-0.574269138,-0.820918820006822
1092,-0.773127525,-0.5548386619089061
1281,0.600301904,0.5545609530858369
10486,-0.909270115,-0.9819827524315334
5178,-0.20180629,-0.23927235560502022
5394,0.640800471,0.21748342168017548
2399,-0.742302606,-0.7214993048891248
10298,1.200599998,1.5265440348671144
9477,-0.771995195,-0.29475647234862423
4066,-0.854872427,-0.7980739348122877
7606,1.429206502,1.159908686417484
1919,-0.762840285,-0.9044674583091382
1885,-0.596662105,-0.5126137573541181
9313,0.116672775,0.09080764559776418
3583,0.392413734,0.025545228133330877
2627,-0.097667371,0.11170361076170829
515,-1.17553396,-0.9489165922522733
7663,-0.1797646,0.019087727906489743
7009,2.214255055,2.6473561507498715
2903,0.058062699,0.15691531967190275
6877,0.587943174,0.36789855399651616
4968,-0.62409962,-0.7124363472764101
7955,-0.028174803,0.6016474531507529
7730,-0.041342392,0.4214785181839328
3484,-0.261247789,-0.564427254978674
9146,-0.543863295,-0.6182495571983668
7561,0.587112274,0.24853507207088965
6899,-1.177139065,-1.6194898711144707
5706,-0.621889647,-0.32977177774428973
286,-0.774886877,-0.820422405510675
5658,-0.661591328,-0.2480511213638576
3874,-0.962377122,-1.184188544237711
630,-1.080934264,-1.5886736529144456
6614,-0.038627515,0.19161628836623917
5139,0.082563148,-0.11514863446659349
3878,-0.937175435,-1.3969856029669792
9297,-1.651492565,-1.8644971978674658
6788,0.894752365,0.5650774885815418
4304,-0.46957447,-0.8617854046692892
10787,0.709046077,0.6848014050509327
5186,0.458921894,0.34824006229056137
8947,-0.212537925,-0.1570898149135038
162,-0.860680289,-0.5131016152977788
2670,-0.479437372,-0.6884689175288724
5590,-0.443158475,-0.609111648604181
479,0.178437697,0.514310170430373
3254,0.70539703,0.8156829820629132
3528,0.218863473,-0.33064120116180784
10356,-1.014555135,-0.8646086442078571
4544,0.448923887,0.5599874539825223
6503,0.061544845,-0.34946314320932875
967,0.604341162,1.1446232918732446
8548,-0.64705283,-0.7775760024728948
10725,-0.332448585,-0.5449950154587273
10522,-0.793544085,-1.3611541567457008
3363,0.759329041,0.3526947900663132
9951,0.677123875,0.7453453986974862
9665,-0.735313115,-0.35303143737968895
5118,-0.237115237,-0.711843629207092
3593,-0.361867459,-0.8057007259419172
4286,0.890415801,0.7531258261987154
9926,0.875825465,0.6255133813114635
1736,0.508224431,0.19211970525609384
10358,2.185095265,2.0767262071256885
1798,-1.663228219,-1.3404260774204206
578,-0.121191068,-0.5647669417339525
1109,0.568818333,1.1430277391600359
4144,-0.835576291,-1.2912495385270204
7739,-0.36454125,-0.1799920547164259
7532,-0.413820685,-0.38742862086124935
5325,0.054112694,0.05135798798445832
1965,-1.211657725,-1.1847835206234254
8653,0.502597025,0.46127470688362193
7397,-0.713579116,-0.6708657422468601
7536,0.3445251,0.21508840663203452
8285,-0.55677335,-0.273457783149383
9564,-0.125570395,0.015433703373998436
5991,0.417493378,0.5094102226220243
10606,0.199132625,0.3377788538179032
9827,0.98745663,0.8072322508084296
9285,3.939924375,3.183442934561387
9902,0.403198422,0.06800031932062961
10631,-1.162680925,-1.130949809942763
1344,-0.503276449,-0.2184102083676029
6231,3.194951015,3.0858790265254914
7569,0.594814728,0.41969808793121965
329,-0.334274708,-0.145771055220716
5294,-0.428247725,-0.03142438493445937
5258,-0.178728179,-0.6668296552600246
8186,0.101813234,0.2690358010553557
2631,1.327711311,1.4666667495802754
6619,-0.313624585,-0.3812033777474061
4963,-0.618791631,-0.5260773980902038
733,-0.634006876,-1.144781957271352
7962,-0.16446642,-0.39850958441633155
5626,0.127961397,0.22630471907223698
7350,-0.285461171,-0.5601042797270878
8094,-0.2761033,-0.26353452365371705
7684,-0.166426184,0.13187927194462704
3378,-0.580297863,-0.4285081969632404
7469,0.048324288,0.23472830999073066
4913,-0.041301983,0.006090310675435508
4713,-0.73771463,-0.6306228022199222
10841,0.582495455,0.24523542591590658
2538,-0.367325654,-0.7410408669339154
279,-0.434037219,-0.5496312980585281
7891,0.289329337,0.6073143879287128
1794,-0.16626278,-0.10230379152869326
5655,0.175130018,-0.0666098784652614
9559,-0.258603165,-0.35933675032212664
5219,0.564453491,0.2047680716018372
3512,-0.427506351,0.08610573420536771
4088,-0.974713947,-0.6328472861923593
3132,0.512428454,-0.006931937033477609
1530,-0.941181086,-0.8989152119266388
8395,-0.802000436,-0.5332615705292215
3688,0.320634321,0.7032515423997044
5450,-0.190872211,-0.32342688917224716
8486,-0.297853359,-0.17272476167302617
8084,-0.339129355,-0.776756872759208
3286,0.822867894,0.723831865810065
8060,-0.233587689,-0.2020041018270966
171,-0.490113215,-0.7348563004896315
521,0.386816216,0.5498242737139805
2229,-0.376616915,-0.07436280804892337
6763,-1.190920445,-0.6907433924751398
8185,0.519187512,0.12130886341525293
6731,-1.189393895,-1.4545545635422188
2860,-0.017709713,-0.17707400138227952
6634,-2.039455135,-2.267564227364839
2668,-0.699540324,-0.5338503426961431
9878,-1.128135245,-1.460971911633866
2168,-0.471913435,-0.5421193927320944
1372,-0.367948931,-0.7795192738794069
3829,-1.031764654,-0.8874922261753314
9927,0.756186942,0.6858132331142438
10550,0.871098985,0.6643002645759785
6986,2.572203785,2.1514929999728527
3394,-0.03991774,0.5518449130369424
2385,-0.99751627,-1.2250648704100209
1956,-0.814715075,-1.4554173391936085
5419,0.146949908,-0.20678255630885448
2591,0.299805912,0.16261541547396302
6537,-0.083661775,0.12511785528225491
7570,0.103950071,-0.22177424223446482
10378,-0.376943845,-0.4284869841408022
2140,1.225568212,1.274996464370955
6180,2.589795075,2.8790418402515936
6740,-1.189352155,-1.7025331613309542
6342,-0.202242545,-0.24534040396913542
8282,-0.799862574,-0.5578596533506912
9209,-0.696180845,-0.4302069971727051
1299,0.840996254,0.9375055958588041
4982,0.163326399,0.24935863271477587
6052,-0.223865105,-0.3328045990451234
7207,-0.141327125,0.3055526978342947
2320,-1.08070841,-0.948858040813932
926,0.539835624,0.3721590698185234
1786,0.604910832,0.5121481088850409
2900,-0.121832304,-0.13548597759037265
494,0.360855332,0.8177925551808971
7083,-0.071455245,-0.26702181975941425
5841,2.190818311,1.8318509324149943
6289,-0.712778645,-0.807303223372677
7764,-3.14081303,-2.700457896500807
3045,0.385094144,-0.2298882395732434
2118,1.194060831,0.4253607333614069
8460,-0.459153871,-0.6842769093263968
2487,-0.470225366,-0.48384873137967144
10367,-0.820932175,-0.6594686933523228
3279,0.929083858,1.0953011893347722
1203,0.01269343,0.17568283871091636
928,0.209088056,0.6787452647703021
1954,-1.156567485,-1.3352658732130478
6862,-1.042302375,-0.46229445068569286
8644,-0.970989295,-0.895330838729714
7945,0.111136399,-0.1712845517006074
9316,0.115076185,0.029639362145381487
9783,-0.922535985,-0.8255618287399313
933,-0.29513671,-0.9547784969860247
1122,-0.334942611,-0.14332354439124462
7060,2.204816165,2.6656345195128583
250,-0.142343429,-0.5206086153005135
5822,0.863046591,0.5285999347942758
5433,-0.106963052,-0.21050711634140815
6926,-1.029231595,-1.0229037706448239
5987,0.496162169,0.5084395936186769
2107,-0.312314032,-0.12079645431748512
1520,-0.221802575,0.14450753365760588
10829,0.245946125,0.06735441569180528
9102,-0.033448225,0.1865055702267673
444,-0.365845083,-0.757185933151456
6810,2.207956615,2.3404553842558182
7915,0.125286245,0.1259557316487206
6995,-0.654494255,-0.7438542964870584
10517,-0.487246765,-0.10550176574537223
9176,-0.045627195,0.3316567387729953
10253,-0.226042653,-0.4565733080710479
4022,-0.883175396,-1.4387282154723975
6831,-0.463894785,-0.6891136671016795
2462,-0.984730049,-0.8400553631958029
2908,0.02312954,-0.1118743173987441
9661,-1.498128525,-1.413724020753127
9027,-0.875254525,-0.553750412832823
4475,-0.445903968,-0.2916852022725672
942,-0.068203157,0.1268571963875983
6374,-0.593870085,-0.645372181177435
1023,0.050834947,0.6935160545835591
2992,-0.06053322,-0.03892216161487658
6992,-0.278681485,0.005084961966391799
10712,0.55880985,0.12945335002927444
2874,-0.920038794,-0.9293564738612706
1247,-0.659003798,-0.8899957673175924
8508,-0.554823926,-0.7349255237019461
8286,-0.518446524,-0.4729493423564948
4924,0.276741951,0.41096013212069266
7619,-0.182080221,-0.06388765324067928
706,0.213472898,-0.17065590774888492
477,-0.074591709,0.01878333736306083
624,-0.861800446,-0.38384445800818096
8961,-0.637372415,-0.679235027878371
5382,-0.975464165,-1.248095066242392
3518,-0.088126788,0.29572881292804765
1684,0.322490546,-0.031221391347940775
10448,-0.855600255,-0.957702399864871
6199,4.441552155,4.334078841627748
217,0.749039464,0.6779938819779974
6249,-0.568924855,-0.26694289269021165
5044,-0.962659576,-0.7142419315320072
10508,-1.583052355,-1.435451138769112
5342,0.795789846,0.2852191769944994
5236,-0.427052873,-0.846394516527289
3259,0.097361107,0.5282617287117936
6433,0.977018155,0.5751772225126732
6214,0.101264716,-0.16681378811573613
5370,-0.180406305,-0.5530802650647688
7760,0.212433161,0.6067011337110737
1062,-0.305246828,0.03938288211163099
7989,0.492344161,0.6665144671106844
10658,0.409562575,0.6113896111598265
4965,0.159172174,0.08845880054299946
8702,-0.754123285,-1.1870835231357382
1426,0.228363376,0.8452255149820966
3027,0.420782962,0.5555485783855103
2266,-0.22813997,-0.761716245201955
3404,0.377614143,0.5084067598500137
10795,0.717988282,0.6345523226900998
7141,-1.001918435,-0.8832387845711174
4903,-0.198480514,-0.3104609877823942
5890,-0.28316547,-0.3514813544507258
2756,0.822827213,0.881334708208438
235,0.52981027,0.7199859766954034
2307,0.693454498,0.6384955123838837
10714,-0.173956254,-0.24750798055541573
5453,-0.170277411,-0.5027111484776607
3710,-0.04987697,-0.48064982716055826
3521,-0.064007161,-0.8119884070990233
2754,0.071655193,0.04947092331748223
9232,-6.032306275,-6.0116344350637085
6949,0.071221625,0.2819816191801567
5472,-0.423463148,-0.5354736755009253
9033,-0.813977305,-1.1679103298123525
3145,0.852807491,0.9938207472104605
7596,-0.818570536,-1.2904673131218583
7740,0.455939118,0.6687624121759814
5228,0.452097143,0.6321610327232833
8300,-0.753348659,-0.3171965878634346
2858,-0.323434509,0.030483053508213065
2111,0.095803119,0.04696524717831174
3149,0.590539276,0.3215466078054376
5142,-0.820966907,-0.5108025905227374
10262,-0.149409273,0.027917886397566427
453,0.118135502,0.2693494566553533
4500,-1.012364978,-1.2999985148560325
8815,-2.625183315,-2.605462016985814
8447,-0.257541435,0.4053402378127133
4233,0.937938578,1.0892835549149051
8222,0.565652313,0.7290396853498016
9235,-1.308359435,-1.702099626034565
6219,-0.320879795,0.09015076108311121
9822,0.817723582,0.5757706932923253
10158,-0.528494025,-0.3777301510637454
1178,-1.006038604,-1.3026159361452752
9493,-0.636079235,-0.5183424294588439
8022,-0.139456574,-0.6830533752686162
445,-0.189653822,0.011247942649011522
5332,-0.264484447,-0.1876332652917166
5850,0.5004515,0.5733918965415468
304,-0.636700123,-0.6429706011892444
5368,0.248626197,0.10196036128689262
7515,-0.665019282,-0.5244572335361793
2596,-0.631826428,-0.813836516429589
3762,-0.113752836,-0.3576571476780389
10215,-0.187486571,-0.4770002451728539
6946,0.217340724,-0.3342148629816212
2242,0.579069405,1.1720015803546455
1905,-1.296709155,-1.1623940772569168
8278,-0.36629203,-0.6255776085821607
3789,-0.941945862,-0.5509624508051809
4301,0.584905975,0.17522075374295515
4190,-0.985592242,-0.8668525873870758
859,0.660424368,0.8503039133266532
3684,0.927114978,1.1080433834846501
10824,0.144443995,-0.1901299659130442
6102,-0.376253982,-0.7162802874877869
4227,-0.167566069,-0.041654386492820245
9075,-0.785891615,-0.32304958286909546
9434,-1.541554623,-1.0787904595877649
625,0.298128602,0.1447638990706445
6976,-0.334487935,-0.23818866589419307
10065,2.225834435,2.2100922781810852
4108,-1.262723452,-1.322829225338249
742,-0.540342436,-0.7277880093087037
2567,0.848232986,1.043573858547097
86,0.411341292,0.6859619273106223
4042,-1.025706312,-1.510472348223142
7849,-0.905587372,-1.0035816409565834
10099,0.302614807,0.1276650918232131
7091,-0.471690245,0.031444516056061245
7449,-2.205675727,-2.2820185499936025
2404,-0.552049998,-0.05001437091043892
7367,-1.436138738,-1.5769426779280133
9469,-0.615739135,-0.6440198562294702
1134,0.015468583,-0.057778407587194595
4050,-0.531238867,-0.7526559920984175
2015,-0.667531905,-0.7256797466318411
9192,-0.628303645,-0.4428830968209875
10336,-0.524442115,-0.7709463628915068
7156,0.073824215,0.42414679265833366
1390,-0.217711752,-0.07972010911826508
10819,1.204331087,1.715939793953925
7801,-0.187779578,-0.39174613992085594
4986,-0.298934875,-0.36524761406111517
3402,-0.456032861,-0.39738834153401276
5522,-0.587213636,-0.3611877969492708
3349,0.708380487,0.6672818401672626
10661,-0.565676885,-0.49210613063172914
7507,0.182959413,-0.04972256838071734
3889,-0.720793367,-0.46590977044513604
2,-1.06213596,-0.8678293985697922
8706,-0.172933205,-0.11149384181542485
4484,-0.197696962,-0.20787452977837267
653,-0.748841093,-1.0807988656225012
9641,-0.648318505,-0.536099878560687
2050,-0.527755445,-0.28022596559970964
1071,0.060146546,0.20325879416693643
4890,-0.574942527,-0.8215653305483783
751,-0.27060075,-0.6761061316849001
10044,0.118726941,-0.12976118710451967
4415,-0.385024891,-0.2023532841236104
5853,-0.189147418,-0.4827239349965963
7228,0.470408475,0.5186034571059349
6888,-1.176326355,-1.3663081664130818
8875,-0.569883865,-0.6697981512926567
1598,-0.257201456,-0.2509633436973776
5344,-0.316212335,-0.41505912506539583
5572,-0.125762173,-0.22898136001126795
1974,-0.613190325,-0.6188029519337692
214,-0.843196295,-0.9377770683921037
562,0.686210556,0.9475479670295077
4437,-0.857171789,-0.9389352054085428
3104,0.414399036,0.19551829505777715
9380,0.548496011,0.5478245760577457
7425,-1.122292691,-0.9603633371514974
8715,-0.862165875,-0.6921852304821823
7464,-0.987603707,-0.35421480677012473
9432,1.286952116,1.20239866118087
874,-0.166198153,-0.1761362448621391
10752,-0.998160305,-1.6727092653498965
3283,-0.19704212,0.06589457365088064
7485,-0.709704456,-0.897930676327912
9087,0.992276625,1.5899049472492361
9967,0.450213545,0.4471518648827202
7796,-0.33151712,-0.733663712409931
1212,0.269235419,0.05371323932924074
6183,-1.850785185,-1.264909970253147
2308,0.321487126,0.48183882054416505
3275,1.035673978,1.4423068183316485
4356,0.413818481,0.4819288246594667
6488,2.224401195,2.3450816181603895
7239,0.059188115,-0.23989137292063806
5576,0.346115197,0.14567228250166994
9410,1.044982697,1.0345002468624103
9819,-1.132329535,-0.7997961544831322
4091,-1.069368065,-0.643216778818681
4519,0.022617694,-0.2467313259276888
10359,2.186377345,2.2231246226123362
10029,0.918632435,0.8936923772835518
6158,0.003517055,0.031230092491977286
430,-1.039706433,-1.3946839867997327
3525,0.243794679,-0.10836931032269179
4870,-0.715620483,0.207437628054151
4741,-0.151278015,-0.0025365086917287505
801,0.053523432,-0.10128998646521215
4149,-0.806971548,-0.7339124867440967
2440,-0.221296035,0.3035791362616262
4919,-0.355718639,0.032104947855462085
8612,-0.242491895,-0.1768764151575537
6163,1.782322375,1.3225668919511009
7560,-0.222746845,-0.6825520362771202
4518,-0.230293207,-0.12579068522616194
2650,0.312019333,0.03969247895592393
9841,-0.24570451,0.15464733000135134
6754,-1.189925955,-1.7723962951860663
2798,0.372696501,0.2648075992642613
4597,-0.075226007,0.31215614470476366
7964,-0.391476302,-0.5592254525177625
2695,-0.99426968,-0.5648596454506449
2877,0.574457348,0.3741234810593342
2893,-0.109976168,-0.045357216363113614
9457,-1.875871319,-1.8601594883817294
10267,-0.668845195,-0.7062606424709457
5113,0.007796061,-0.41347580887847657
8614,-0.838946675,-0.8425458783883172
4419,-0.322092443,-0.9875967710153244
10281,-0.569514128,-0.5881407374642862
8835,0.906460015,0.9007233610438877
15,-0.608378243,-0.7770645017722918
5660,-0.407946808,-0.4243803161016475
4727,-0.533561903,-0.6801047270331079
4857,-0.469338139,-0.184694210058514
2087,0.243860667,0.19952657135475854
703,-0.619723077,-1.0422614659090679
8963,-0.636710085,-0.7052518481428622
8045,-0.429254138,-0.19253157758002704
6709,-0.929336165,-1.0164723398683368
7275,-0.419066691,-0.6302415886246633
10222,-0.664945335,-1.2833669622068715
3600,-0.220478333,-0.46765897909159987
5513,-0.249802273,-0.1721713314268235
3706,-0.329350536,-0.4867206401301153
10058,2.219406725,2.362818069557685
6043,-0.240807525,-0.34763513958571657
10684,0.798474657,0.3253061457241498
9254,-1.308359435,-1.2426379662386995
1487,-0.144188497,-0.6724311405942328
3601,-0.455307133,-0.6710399684347558
5534,-0.466742854,-0.5148686685926043
2123,0.806633719,0.7277664702375197
2884,-0.873371679,-1.6976231318175703
7514,-1.076018528,-1.429186453235363
3014,0.84406597,0.6689861720961986
9824,0.458131539,0.4052912796867665
7240,-0.727863295,-0.5214017030641352
1433,-0.669786853,-0.8447100845706815
10514,0.173028195,0.2226756642399421
7906,-3.04205339,-3.0163749788166423
4339,-1.12471983,-1.2199249776727605
3954,-0.748525169,-0.9227196597661853
9050,-0.909067635,-0.7823701957650375
5545,0.442080904,-0.059270027748219545
8726,1.383903655,2.331235039913289
5501,-0.067658113,0.09230408236979375
8905,-2.551560705,-2.7812440521090562
7220,-0.364423625,-0.032410497713804776
2360,-0.400415786,-0.7092272384546214
2868,-0.710111267,-0.5496660660962269
426,0.458063783,0.1685867448259687
2191,-0.596975575,-0.4583237751754171
8332,-0.504953623,-0.4599129268131391
9423,-1.436581808,-1.402128280916674
211,0.138015731,0.4786854230541797
1784,0.446452277,0.471184202880351
5095,0.091330112,-0.012445686714151208
9015,-1.450898275,-1.7439819968145645
2000,-1.779393185,-1.9819466674923145
758,0.927720839,0.6702135049456359
408,-0.174687152,-0.13859846248643035
4663,-0.413313029,-0.5547077453453354
5557,0.833119919,1.1477791615626087
8814,-2.618093255,-2.5242335595527265
7499,-0.70126471,-0.75515062642169
2086,-0.168578605,-0.3210206642941933
6341,-0.183102409,-0.2172024157244306
3690,0.480319701,0.6403274744116347
2624,-0.581135022,-0.4582061832121508
3234,0.884946313,0.50080964169926
10645,-0.946569325,-0.8786816448269691
2898,-0.306614336,-0.3928485918201067
2800,-0.408943969,-0.3537936141032487
1841,1.060960428,0.49640571435070835
5880,0.507393532,-0.21370704833015908
6626,2.854071655,2.9661317600235306
6994,0.241723035,0.05246936976274311
3834,-0.939730448,-1.2307677261138932
9145,-0.817968605,-1.3294043767370343
4492,-0.202942501,-0.37974217042820857
4969,-0.331601053,0.10422561053785495
4949,0.690822749,0.8211735428273916
4008,-0.975266338,-1.1217484907354633
192,0.560744307,0.6249724302390611
9474,-0.379932095,-1.0179821413397796
10576,-0.907280465,-0.9632113897464663
9340,-0.887442675,-1.1678208434695412
4268,-0.69954495,-1.0359180720283176
762,0.551770673,1.3197960344806385
10466,-0.738591875,-0.984394352820372
5343,0.219406068,0.05100466906733822
5189,-0.7821598,-0.26280891046981014
8373,-0.887389215,-1.6196004194325253
4646,0.022430072,-0.3953905696500989
10412,-0.737300215,-1.058500726424979
3681,-0.396759936,-0.5148188927909186
3895,-0.681583804,-0.38109425643743194
5685,0.397692198,-0.0505191399869252
5860,-0.888567604,-0.5155458648438515
5574,0.294384996,0.00040732356532668934
2187,-0.069855155,-0.14985085377032442
7517,-0.303194681,-0.37739679710754703
2141,1.007441487,1.0227077975568053
8326,-0.599607197,-0.6476295429824914
1189,-0.285559392,-0.5760627284590907
8490,-0.19935292,0.1806454559595237
3744,-0.017501954,-0.3160464985560138
621,-0.921212148,-0.7797716408592013
8683,-2.166711545,-1.9173482140400733
8231,0.061683788,-0.49279377102352445
2597,-0.683647379,-0.6202622713161583
1960,-0.800678555,-0.8171467551848859
5630,-0.486944313,-0.7090913448996475
9532,-2.028397685,-2.4860964077860523
7557,1.652934035,1.6482925427819781
5367,0.912637161,0.8215493391305997
8591,-0.433897897,-0.9248188027619455
5232,-0.340982722,-0.6577919619900003
5769,-0.759627278,-1.246642036982373
6504,-0.636116325,-0.3165034433221192
3495,-0.104418379,0.47612783301806877
5785,-0.47690372,-0.2995628846228202
5440,-0.066529793,-0.24711312558055312
9036,0.350902795,0.36080978715790996
10720,-0.851400895,-0.9093474624548737
6918,-0.178217555,0.34706022757814303
10531,0.492874915,0.3349302085615231
2341,-1.032030917,-0.905739033683183
2828,-0.364350906,-0.07891612288257399
5948,0.507825785,0.007796762963240722
7165,0.879787495,0.8449883733035399
395,-0.441014898,-0.5817675936314114
966,0.090964935,-0.1119527556177809
2304,0.635715343,1.2344155899351894
4583,-0.084237057,0.1509637767932244
2240,0.111136399,0.14290473493457026
10853,-1.013876065,-1.1298245320968372
10414,-1.115276115,-1.114201334450165
1764,-0.341455112,-0.41527385843898457
4165,-0.152786206,0.08535933414314467
7456,-1.058309631,-1.3312165675225003
4776,-0.714857748,-0.7221275981609077
6832,0.150646015,-0.19495324927374294
8931,-0.885711735,-0.8326831040249209
842,-0.510914141,-0.8477307474686895
3771,-1.072047434,-1.221318685515562
9610,-0.236810245,-0.19843208428762624
8063,-0.152468105,0.1462400213111086
8151,-0.621222975,-0.7845118188942876
6101,-0.101243899,-0.03206064437013567
5754,0.390020357,0.3312847757094256
7963,-0.166683196,0.053897596992496216
7179,0.470749995,0.25345923473769993
4098,-0.045784378,-0.08543518469331154
3694,-0.014136994,0.24752210602189334
7264,0.890734718,0.8465928665557679
7033,2.233167735,1.9384704533169672
6796,0.940681195,1.4024238987431952
533,1.42206556,1.058760700071263
3175,0.218141691,-0.007588880205910475
9912,-1.111391558,-1.3267475223062106
5481,-0.228282014,-0.09309809917058351
8172,0.5587196,0.6374704672555501
747,-0.906422081,-1.1330369607059967
8433,-0.641232043,-0.4189269575990653
10419,-1.288730545,-1.285911938627245
4728,-0.084698017,0.3931029824848652
4061,-0.926203533,-0.8424231815350423
8561,0.515828095,0.72870793881507
1699,-0.064445401,-0.010570866418120613
7950,-0.491248882,-0.9159061020741119
4179,-1.033917347,-1.1367810054672693
5467,-0.410285899,-0.3354605926944875
8549,-0.629777547,-0.7232803127295703
10805,-0.080271135,-0.27852349402577425
7109,-1.004001005,-0.8978698157325831
8371,-0.620225127,-0.8949516393400682
404,-0.183787319,-0.3188069604437731
10511,-0.237063705,-0.2369965206012636
1660,0.521179635,0.9163141552019596
10637,0.226059252,-0.13116448822100146
5287,0.34715508,0.7561680340615019
8606,-0.161283505,-0.5876884885955642
843,-0.176339972,-0.06161704814478483
2584,0.684990669,1.0139314391432652
9567,0.994684382,1.1497319617473352
8966,-0.636462625,-0.7454562275165635
1740,-0.291711341,-0.32304610656124144
2390,-1.071460485,-1.625316843671428
3225,0.39146256,0.09510055772977527
4609,0.596545781,0.3448779787922791
7444,0.213152625,-0.32103507687224675
4938,-0.200692256,0.09411268683098234
3492,-0.120413775,0.028445981208994886
5904,0.449923905,0.18180009927488572
7824,-2.208796833,-1.9200460554140104
5707,-0.010379918,0.07925941609652856
1151,1.062123171,0.41610613691888565
7708,0.75226976,0.5342375186498471
8256,-0.238803431,0.09770331171637564
2636,-0.696354824,-0.6391641466204927
4363,-0.445782197,-0.08713800175235631
2228,-0.306709395,-0.8666713804081849
1416,0.701132734,0.7182366714691253
2067,-0.258513453,-0.29879720165589124
4656,-0.299818293,-0.3944072895858373
4523,0.396337071,1.0188565828045624
8237,0.102691141,-0.19342271268089462
243,-0.276392965,-0.01666640674896358
10659,-0.715256145,-1.068827980431052
7419,-1.384801875,-1.4591659107235988
2239,0.150044115,0.3559396520870102
5894,0.642143352,0.777432142432943
6264,-0.327181505,-0.5072972128613317
1681,0.732891413,0.7256327310827252
5007,0.745491236,0.8918236823253014
10364,-1.014020495,-1.2974931118055202
9638,0.110451275,-0.07287424374301531
9681,-0.797929875,-1.213285280827499
10189,-0.480954895,0.15408602148915607
2344,-0.001289547,-0.6472924229613732
7668,-0.070665586,-0.0718874371364305
5604,0.360074773,0.48570276103824894
4292,0.69605822,0.2508412205226994
4093,-0.734541103,-0.6680735609127368
4974,0.615551708,0.17394058609196256
2744,0.399716045,-0.3591519783082908
10454,-0.807953095,-1.1046147992906752
8980,-8.560426995,-8.65260086269852
2198,-0.046515965,-0.23896203771329286
7230,0.468595385,0.15686203448967823
8049,-0.187484666,-0.1623229154717199
6352,-0.162144337,-0.5682707394129276
7614,-0.28441122,0.16710739158249893
3108,0.151607409,0.28678843285876165
936,0.626556536,0.3201866908607861
8579,-0.197998601,-0.068695693360977
5451,-0.324647184,-0.2913812691514746
1610,1.507712847,1.4201694663253368
2062,-1.707612775,-1.5904733200213332
1149,-0.822042301,-1.0761307054954983
6605,-0.622931535,-1.1334312924862249
5965,0.395396918,0.4331673345184877
4498,-0.087636439,-0.7385396643177106
492,-0.984793044,-0.9615825517057145
6113,-0.374049859,-0.6359465490668057
2647,0.261528474,-0.16014163175359258
919,0.933800135,0.9920271328694923
2932,-0.644646255,-0.9114185034684972
7893,-0.071703496,-0.37549682843292687
6647,-2.008937615,-2.2899152168730925
9301,0.102976435,0.3570284186407495
1078,-0.589305512,-0.13907757480970678
10589,0.524432212,0.41342547224882675
2606,0.171528591,-0.009894808361463808
2421,-0.977920128,-0.627043130271668
3029,0.800365985,0.8106982885117524
5250,-0.714824959,-1.0045597488591878
6941,-1.019667535,-0.7302365667092663
4622,-0.527363966,-0.7935628036567314
6775,-9.788820605,-9.54220078159024
3982,-0.732357253,0.2132597673536254
3257,0.921583856,0.7079176269052847
8114,-0.219377769,-0.4860356784107024
1430,-0.477995713,-0.38577370365726976
9009,-0.412847987,-0.06842072708077024
1278,-0.217684676,-0.16006994105299052
4295,0.730329053,0.2721786960231057
8292,-0.814311411,-0.5728313937803023
6110,-0.211927972,0.10035828013933681
857,-0.189809743,-0.04838507608407877
6111,0.099564821,-0.2800127017255645
3751,-0.249464443,-0.15073240938696114
6108,0.157732435,0.31799479371240236
7571,0.144230131,0.15316898053642733
516,1.222096992,1.3723721482873141
6064,-0.652172525,-0.5981512136912056
9278,-1.309386105,-1.4482070993989014
3007,0.81618954,0.35199834331849034
9766,-0.441007298,-0.16108731628370443
6323,-0.759476765,-0.36765510383851135
770,0.033081015,0.2454065956366426
1894,-0.148845955,-0.1753548427616006
4641,0.696207882,0.7347931171214899
9372,-0.80632232,-0.9832969388749799
4236,1.175364025,1.6058902447666705
2947,-0.637119042,-1.5344598332702168
9110,-0.568955985,-0.014523253768334299
1837,0.341143405,0.37371131673295693
4927,-1.103110181,-1.0315436948678782
10077,2.226994545,1.903500025011232
6915,-0.999501295,-1.385301206954948
4469,-0.377949115,-0.261737670810103
8605,-0.623793083,-0.28246004879940134
3289,0.537712456,0.45130079382337707
6495,-0.533592475,-0.4191647897396974
2960,0.372900451,0.12554620254169796
216,0.814523387,0.5826758226387285
1516,0.207694017,0.6617289399726393
9177,-0.840861955,-1.00089768873277
6398,-0.262631624,0.0013881648872026697
2376,-1.041499799,-1.1494303927367255
5018,-0.95860508,-0.9120075802401796
4344,-0.801564782,-0.9977342984976729
938,-0.148279865,-0.07513965086864037
1618,-0.864638049,-0.9925453278616629
9134,-1.090009775,-1.5469615142521542
3480,-0.230971315,-0.32162549109478644
7151,0.077270315,0.2995924492046858
6825,-0.775417325,-0.9546609824073211
6892,-1.177538075,-1.5508840099666596
8603,-0.685946605,-0.560231384573962
9101,-0.019493005,0.287095941518001
112,-0.643360245,-0.6252911820176921
5229,-0.281724219,0.005655397564705178
3022,0.681039849,0.5576118668651993
7827,-2.907939765,-2.974219282481884
9615,1.257647635,1.379701925541935
7430,-1.413243147,-1.4013290004841095
7537,-1.168220271,-1.8042464355360524
42,-0.305661937,-0.3403564217164722
978,0.155650068,-0.31952077904571696
986,-0.593409533,-0.14239004246985482
66,-1.107886596,-1.1294896324741002
6760,0.310126525,0.5560484401774284
4209,-0.219243616,-0.557059804273315
10842,-1.058529565,-1.307325677308411
5800,0.164787243,0.2533570155121809
9997,-0.756431085,-0.9680261021747545
2497,-0.074349936,-0.1582779865487503
6119,-0.146243501,-0.24947290947869988
1270,-0.696251965,-0.3688589288217193
1112,0.037457014,0.2984773332066263
2685,-0.717312487,-0.6224656998451665
1992,-1.846285035,-1.489611023557607
9990,-0.213187805,0.2168997009462839
8314,-0.436022426,-0.17684536101126624
4503,0.498107783,0.6220074566413393
6424,-0.442448055,-0.6076241751002119
10607,-0.757873015,-0.7906309433501658
7558,-0.271721635,-0.5321142617584995
6036,-0.694698815,-0.4359357696154489
3830,-0.804958722,-0.865715990119449
4343,-1.156439732,-0.8489069862254679
8291,-0.739417519,-0.07621060119527068
10731,-0.851532085,-0.7505183963738167
1770,-0.486296546,-0.47321581208826385
6182,-1.811354965,-2.330109831851026
1579,-0.286141579,-0.5292173101043143
4325,-0.952692182,-0.6418013143782562
10580,-1.338459155,-1.6650496079177115
9158,-0.517671025,-0.09831773289055046
7324,0.509489375,0.6518794206700377
3144,0.823951996,0.9536308811902466
9963,0.856911135,0.7865588744562327
6419,-0.994263015,-1.0629873242765129
1695,-0.001785339,0.5798933607174854
2097,0.084552981,-0.23700418891204664
2129,-0.176981344,0.03847437371238033
9830,-0.916996969,-1.222638528277214
765,-0.647998018,-0.8589509455377662
4127,-0.745877501,-0.2062599954946065
7196,-1.022226275,-0.8871795848160057
10328,-1.338677635,-1.1838287281220592
9230,-0.882880575,-0.8987071074002296
8054,-0.321423451,-0.4828170096465866
1377,-0.45432385,-0.14235244378117706
6879,0.260569235,-0.2276242833841946
9168,-0.737295575,-0.6555055207041757
505,-0.679198046,-0.8253356611294088
10609,0.261378095,0.0598029018605028
7286,-2.051904218,-1.729337755645425
2331,-0.236969792,-0.25844956755742005
387,-0.220623506,0.3422277457647658
8115,-0.349080286,-0.397004835397476
9257,2.232757045,1.9039958017603849
5329,-0.593666272,-1.1177349794036664
7644,-0.164446291,0.11914724037075955
538,-0.366918708,-0.06503086523566781
6800,0.809227372,0.5245415236693964
5722,0.785685715,0.5555654783799098
7667,-0.043163515,-0.1883686520866254
2411,0.033844567,0.49522414252376584
9623,-0.642575105,-0.3750118146289177
2213,0.170977696,0.03535059615007591
8112,-0.636235081,-1.1632956908204506
6575,-0.622931545,-0.2761295441646619
545,-0.148297552,-0.38736612864114306
3890,-1.031796764,-0.8239394887287691
8216,0.501824404,0.9474676147817649
4733,0.098867801,0.24089002571373994
6449,-0.823691785,-0.722901332967827
8057,-0.36029124,-0.4467380491533353
2276,0.319896212,0.523708196886951
3725,0.081574151,0.2563954259521593
3510,-0.339673582,0.026572807643914342
2433,-0.518403394,-0.5707096713708508
6379,2.149260405,2.170936019471375
5348,0.753836287,0.15416961494162507
5647,0.474653611,0.9451083398581979
6779,-11.62830765,-11.677552473816533
1500,-1.159230531,-0.9257222081500086
3359,0.889092919,0.595176551584958
8789,-2.160023725,-2.3730647070512143
6618,-1.277242465,-1.708858495317061
2393,-0.778274014,-0.9732811943220694
511,-0.012808807,-0.027880239834741083
769,-0.788540189,-0.24480562160092145
4726,-0.740299304,-0.6771190522107075
6840,-0.534934645,-0.725801758795579
10195,-0.8427703,-0.6730804294339839
8259,0.287540053,0.36818375992364627
2961,0.022188979,-0.16038793797191012
9040,-0.355773025,-0.29076629575069807
7153,0.077270315,0.27540830070546507
9698,-0.387635595,-0.02656217863996202
4116,-1.047073371,-1.1198829953475844
9861,-0.711613795,-0.5698218661029966
8850,-0.835455575,-0.27473562389652184
1636,0.392296725,0.10575995119519416
48,-0.787291051,-0.6842055641294615
10349,-0.958595885,-1.023212371658023
9247,-1.264284275,-1.5616116155994841
7556,-0.325569035,0.06856561797154226
2683,-1.097177283,-0.8776160717135113
3470,0.21455768,0.18713781274726565
4285,0.9514059,1.0123766863758092
628,0.385600548,0.40231802168660835
7949,-0.329801156,-0.32714384489933135
5352,0.798883236,0.8491542677402971
4196,-0.975024021,-0.6458339647368874
8998,-0.726152655,-0.9316488087431243
9949,0.676371375,1.0665589953167876
128,-0.814485972,-0.7845905624737076
9790,-0.924734085,-0.6779293570277569
3268,0.747557532,0.8169913087576717
7851,-0.878866745,-0.9711381701347397
2268,-0.43243338,-0.5836873293023014
3256,0.914607537,0.6502870360016123
8173,-0.297468318,-0.5327174755079498
7820,0.19928632,0.3789852225052792
4192,-0.400032105,-0.014803366815564878
9741,-0.580234415,-0.9297950149895865
7555,-0.727487672,-0.6482006089540246
2476,-0.698536496,-0.7677964081534308
8674,0.972566965,0.8698755119652553
7487,-0.681381624,-0.5430582143110695
1524,-0.426395854,-0.538057886821316
2854,0.731341996,1.0967297416916675
579,-0.295158751,0.04796746196207874
1588,0.387312824,0.1390357578053841
4195,-0.75669389,-0.9054573416030447
8952,-1.173616335,-1.4551564667223253
9781,-0.922539495,-0.601096715923632
9646,-0.712512895,-0.5619428248897984
5376,0.301582271,1.0731808662484905
8403,-0.400119862,-0.4509021934997874
6957,-0.785851475,-0.24402473964891158
3342,-0.144733133,-0.4526438952997676
4833,0.140013727,0.32593536241086063
7883,-3.250456272,-3.267574659429347
4034,-0.801523149,-1.0443373953248263
9456,-0.774067175,-0.5396597390580455
8809,-0.189726105,0.04046610378074603
9073,0.37306907499999997,0.8201103316299523
5730,-0.392792516,-0.43625608458436604
158,0.959528362,0.6021373128392055
9762,-0.341116277,-0.281651078683754
10370,0.909035255,0.6767542782787836
7426,-0.435342024,-0.5333027797603713
1541,-0.494040225,0.03763525400092316
8385,-0.823741108,-1.2612050421456251
2907,0.160861592,-0.1781592097121073
4737,1.439444247,1.449646675868444
9082,0.772681795,0.730183005438327
9635,-0.456816115,-0.8788319447678674
1412,-0.802259081,-0.6654927493755177
5147,-0.817202756,-0.8806180249453908
4964,-0.654529294,-0.8512356098384332
3150,0.614533594,0.867128702635638
705,-1.011261012,-0.8294580265963082
98,0.075213353,0.07674738999273827
6356,-1.232195795,-0.5884483174770535
7090,-1.272352775,-1.4154157131931508
9574,-0.240108555,-0.11859793924328617
8437,-0.509727996,-0.45124146827634376
9315,0.117554925,-0.3434042821146115
45,-0.451415497,-0.6673687595184126
10783,-0.444783515,-0.2024616482047547
1981,-0.652319575,-1.0662050244366792
4448,-0.98659539,-0.8423720160696048
9978,-0.445315495,-0.7491211640105478
7421,-0.214025707,-0.2171652457158188
4855,0.31210328,1.0151994958437873
6901,-1.147538305,-1.1310374241899877
6291,-0.760107855,-0.3200730879303072
7345,0.558586128,0.2532126808568522
4429,-0.383467583,-0.5283158602420754
8323,-0.490550365,0.0018782233166943496
7362,-0.257389022,0.060480649787019114
10021,0.526921295,0.7081505229066701
6939,-0.209818925,-0.6001517049174036
1113,-0.440464684,-0.2917601176082186
1728,-1.03234657,-0.9221603759795979
8580,-0.242816702,-0.1906325394761566
223,-0.959663194,-1.4434779553568955
8765,1.710292175,1.5737406398138707
7133,-0.176090585,-0.14629644051459512
3250,0.74085428,0.9218285301714181
6911,0.846738128,1.248536104844
8920,-0.536618425,-0.03162405222174114
8701,-0.860115615,-1.0364370057959695
6620,-0.356832537,-1.0703620349619984
4282,0.895943249,1.2437575619901566
1032,0.333463264,0.45323020078158377
2876,-0.663080335,-0.9440322474368787
2899,-0.554002687,-0.46780401567909724
2153,-0.634975602,-0.565765330284395
750,0.86230753,0.5853375561667288
7267,-0.35685643,-0.333324656174899
9788,-0.924261765,-1.3937539330325337
6555,-0.363602321,-0.7844621681623565
8110,-0.652260817,-0.9412797193595708
9054,-1.196902765,-1.7202626315818161
1088,-0.342800442,-0.42051308574621094
8107,0.041485117,0.2871149082546448
8503,0.057151525,-0.021796856617947967
543,1.138231779,1.5707023651973702
9275,-1.326363589,-1.8863737650411827
7026,0.221956727,0.3150985532542254
3745,0.010720469,-0.043730479640700134
9765,-0.316183709,-0.40670362518759073
6184,-0.219771995,-0.23810124740176045
1246,0.67644507,0.6866701104777678
9642,-0.648419045,-0.5690745395145879
5836,0.806853179,0.23545077096036093
8351,-0.507218835,-0.6742342043571489
3158,0.824609015,1.2232012634744693
6962,-0.167120345,-0.017455386569536185
2175,-0.471191205,0.15567041150843197
2532,-0.917074385,-0.7504205910973256
6042,-0.007301435,0.6533027423978848
6476,-0.441946195,-0.1307917733052849
7698,0.75877573,0.8922444985029653
4002,-0.604741033,-0.599335971386666
9366,-1.184474055,-1.2813967778031072
8863,-0.949886415,-1.4470294905396914
9296,-0.637962275,-0.8659029145963326
7638,0.255088163,0.6857594609490869
2729,-0.612522128,-0.7581138786103605
5010,-0.217565626,0.26193091629230986
1710,0.355058082,0.6871822827860918
5851,0.564863974,0.42380297236440656
1550,0.875769001,0.8457227780560141
8065,-0.188938162,-0.16184522223806952
7910,-3.003265125,-2.9027488194263484
8343,-0.430873079,-0.8299409556924013
7959,-0.355953201,-0.47008997224990534
374,0.373443862,1.0193985992534669
10635,-1.161101405,-1.4956665733912757
3356,0.195603999,0.21917710791574493
10256,0.005047304,0.21081444093137602
6679,2.217573535,2.05263672710859
7565,0.151298424,-0.3650248322881408
405,0.672066214,0.8589211937042496
1616,-0.021145966,0.06847990650970587
3478,0.241789336,0.5878664389950776
644,-0.06578352,-0.1395064392257833
6459,-0.808960105,-0.771707399576616
7631,-0.320001806,-0.5760216482117334
541,0.870548225,0.5316361686027145
10138,1.120712273,1.426099388728808
10520,0.178396625,0.05501849585495501
233,-0.006027185,-0.2015072892817451
5682,2.436977796,2.1348995877164567
8711,-0.272315925,-0.40812296955286
6274,-0.787216095,-0.9082024325732816
9472,-0.620127955,-1.1776154014675322
1635,0.139085955,0.017991416027401008
8917,-0.875254515,-1.027569545744914
4629,1.108361706,1.235958098499033
4305,-1.041763069,-1.5211247093484512
196,0.775371376,0.51021414513966
5583,-0.524870995,-0.40753263192018213
1555,-0.146489356,-0.03627970395514657
8338,-0.520533773,-0.47589958255780845
10713,-0.064991669,-0.6419565548629256
738,-0.603301959,-0.1036596256612271
2475,-0.584783524,-0.36831477246215694
6659,-0.914485045,-0.8247593247936683
2776,0.608899205,0.532045279251386
6076,-0.694698825,-1.0782046136406973
3025,0.51134721,0.3947909774450973
8517,-0.174027276,0.21250281075101657
173,-0.711538776,-0.6091931835550068
6337,-1.240871565,-1.374313616451147
4247,0.715490821,1.3743577636458397
6024,-1.067070475,-1.1623987432052187
5610,-0.408303413,-0.21044397212325852
7753,0.191817399,-0.025640926140015646
2231,-0.459668245,-0.22248056525116938
940,-0.410892441,-0.7949837606012683
2929,-0.767240206,-0.47160530031543446
9385,-1.940249375,-1.8302675008958587
652,0.800965315,0.7202987078335509
2001,-1.747053435,-1.7904090362146554
9123,-0.237022755,-0.23279024812406254
2867,0.763533472,0.4975291953149628
10407,-0.285147225,-0.5101540294697151
739,1.156374969,1.460685988505439
8048,-0.473314267,-0.8612509421214911
3156,0.336241682,-0.034986309466771726
8836,1.211429765,1.0476411868655218
771,-0.632821821,-0.8015618537682803
9369,-0.131256361,-0.02047722770502859
2510,-0.104948865,0.03961095351554744
1755,-1.020667035,-0.6085694714511127
8590,-0.305306965,0.1311408872439952
8509,-0.310536585,-0.13247475531204272
5415,-0.558840463,-0.36546183327544707
10341,-0.565873653,-1.16638545351766
4822,-1.034150276,-1.287852207348234
2845,0.770551288,0.4413605297101467
3752,0.732883657,1.108736447328245
3990,0.009793377,-0.4969615343901785
267,-0.319757298,-0.7487997113881898
6083,0.072498474,0.11268598817407058
5506,-0.205183222,-0.5205492309347508
4748,-0.57872178,-0.8392000684794996
1048,-0.381748776,0.061213328917768706
6194,1.712601725,0.8988179558568687
10743,0.825439234,0.7077703505967928
10469,-0.674582915,-0.3897939654874053
9578,-0.487305115,-0.8119104505125808
9792,0.01064938,0.06474089540125091
8383,-0.734294704,-0.3614359351425056
6971,-0.692185565,-0.7076482275822954
1152,0.579258524,0.3875699996931493
5838,0.142065737,-0.22623825233681713
1503,1.53044891,1.5294365727767145
8372,-0.298234046,-0.22335120853708645
6223,-1.881978055,-1.3180156901736977
3741,-0.356523687,-0.20013971549585563
3515,-0.545290146,-0.402660941242013
634,0.059795383,-0.24383592957805025
7070,-0.273586955,0.08815857121481291
5046,0.765987122,0.14364121669510654
1972,-1.167788485,-0.9710182520410717
6933,-1.154918755,-1.1578180813940042
1343,-0.225055832,0.13213805043590238
2326,0.267167489,-0.06034277384179432
1693,-0.566808228,-0.9706021320740246
5204,-1.060663552,-0.3461494924802363
7385,-3.208266176,-3.1140273270648002
5417,-0.152984033,-0.7457730229674858
9743,0.862897881,0.919280413929827
3037,0.301515875,0.3526550062989713
9465,-2.373960212,-2.7488296855772014
10727,0.875046403,0.43164572640874477
9752,-0.800784405,-1.1234795500724664
10050,0.765979639,0.2344106343260669
9458,0.892431251,1.2060693231446757
155,-0.028025685,-0.24233111040791033
104,-0.795427799,-0.8438135124998027
1298,-0.809946569,-0.7297288747784291
1655,0.859481764,0.7708613409582912
1200,-0.281586394,-0.24401904320562784
10322,0.052646409,0.36374800631074755
2169,-0.417826765,-0.2779192526660996
8260,-0.22449623,-0.38008762924537276
2718,0.665412759,0.4877059723043839
5406,0.50569663,0.046236035426907074
4640,-0.680210446,-0.43601618794067765
34,-0.62465582,-0.3778923463690433
6360,-5.938317875,-5.668810004495905
7128,-0.727000125,-0.6689655525024611
10678,-0.219954025,-0.3788843367769122
8296,-0.133230201,0.45899340532350713
1766,-0.849436001,-0.198153185750656
7594,0.024635282,0.4587185259160939
4162,-0.36128568,-0.44187940599292275
4706,-0.858490181,-0.43640975723247477
6602,-0.059153603,0.21463249376213211
3610,-0.225141548,-0.21493332467833037
550,0.299293929,0.32527086524187
7745,-0.120385611,-0.36335264072682244
3246,0.738432739,0.8708248845097737
4082,-0.86817757,-0.3645751679882301
6938,0.164706905,0.03581641144174738
10173,2.448340998,2.555264773060313
5741,-0.566010662,-0.8637840640186469
796,-0.422033734,-0.4339002801569965
6427,-0.585038358,-0.13478544891588656
958,-0.903726794,-0.7327966099303388
666,0.130351645,0.0538584797737434
3605,-0.089047757,-0.32631757150026597
5381,0.864333553,0.6784019145238367
851,0.675343281,0.5087001452519235
2580,1.141183942,1.252815583782059
2696,1.057579142,1.3821091603018485
745,0.843760931,0.6260377870539604
1668,-0.464431519,-0.2122455110486341
5916,0.347622164,0.5869773744146416
1211,0.034592608,-0.1732789513387722
7250,-1.002135295,-0.9012519282257312
7833,-2.570504577,-2.6515848583091666
5946,-0.320316356,-0.5006543218006541
6743,-1.186268225,-1.6340069060017979
4493,-0.158831079,-0.29642266983032534
5107,0.269692706,0.2835164724899454
7203,-1.017113555,-1.2702697182274696
7501,-0.848442377,-0.8118890377602639
7395,-1.289569851,-1.840300477853127
3638,-0.047303725,-0.08442352902992697
10136,-0.842482132,-1.2004948625629945
1483,-0.248899263,-0.3687901186843807
9047,-1.296894355,-1.3151492110008784
9208,-0.619661443,-0.5454800073673732
5222,0.45831059,0.39085467326154444
323,-0.775463759,-0.14774757629436197
3897,-1.084838417,-0.8716736863106644
8669,-0.695956945,-0.45638694306682304
2298,-0.792399308,-0.5972642802391583
5814,0.710735768,-0.01985793153486648
6499,-1.303285045,-1.4107088788537956
6256,0.028903965,0.4458332051839066
9094,-1.414259495,-1.049325278816876
8855,-0.834937175,-1.0338865520378548
10018,-1.128029075,-1.3424712526974412
9428,-2.665321356,-3.259026964046914
2142,-0.828079282,-0.7760767826888776
1342,-0.596559386,-0.4654779350760951
4355,-0.959401829,-0.7446400055927122
8944,0.464702755,0.16830190959911778
8879,-0.569341315,-0.7638820750057411
8290,-0.511982187,-0.5384941732579188
9530,-0.817454805,-0.5746772165630104
3427,-0.112699348,0.3026602662781719
1890,-1.456249675,-1.2923644005988901
7646,-0.216790656,-0.7786924052791862
10204,-0.480274205,-0.48045674969668684
10536,-1.612118085,-1.282872593594051
5854,0.55803691,0.1435593944609257
8295,-0.097978533,0.2102652700058075
1361,-0.73767014,-0.5638826901196734
341,-0.261946713,-0.1888405495524263
81,-0.51529218,-0.40815840854647606
3193,1.224939901,1.039647397919891
4126,-0.92855827,-1.192784496880819
3673,-0.410156373,-0.1641089169733547
4638,-0.432063169,-1.0372648084367233
4794,0.820550165,0.775515079623858
2518,-0.730663753,-0.7996036421725581
1269,-0.69661959,-0.32579163743686873
4567,0.194425202,-0.17432987734012487
6919,0.266917025,0.25746147100156874
6055,0.093865805,0.5439481877002964
1239,-0.093976691,0.3945422959385614
2638,-0.981263727,-1.2910208980582618
8067,-0.219235589,0.05846743831416079
10042,0.855581556,0.7778150120987722
6348,2.210840355,1.8599961662390951
532,-0.887284315,-0.907108254594195
5285,0.144158973,0.2689069618366029
1392,-0.158906046,0.4451101282579869
4238,0.24132062,0.6773032628127634
7132,0.470749985,0.648448849104003
9994,-0.709365125,-0.35110078009580253
6479,2.228133315,2.3165490908706903
2771,0.299101137,0.07512763303792835
8155,-0.588606985,-0.7044077576948318
5122,-0.497709545,-0.5749956906532981
7281,-0.377496266,0.03293200504446936
9991,-0.217900285,-0.16046507021279421
8081,-0.280364874,0.061080225290285506
6226,-2.053973065,-2.481778500136136
3820,-0.26790968,-0.38787939863934107
4315,-1.155472367,-0.853695013461075
4230,0.908101023,0.4368365858622263
6818,0.085388565,0.08467789016015759
4389,-0.893600757,-0.7180109260450985
10269,-0.176737802,-0.025159399047739506
8751,0.011915235,0.17409209754367225
7357,-0.218318303,-0.28763616405226955
4783,-0.628281465,-0.921831328759982
3893,-0.592262028,-1.1646626691369923
7404,-1.461169199,-1.6928269153413138
1791,0.015899475,0.05040729874422514
5918,0.227733024,0.42150015008276775
1816,-0.503360941,-1.1489055613987915
3318,0.841513815,1.1780711718691412
1457,0.095624204,0.20997171946483334
5603,-0.505594995,-0.21450013446351562
5082,-0.762216713,-0.7368766770830159
1959,-0.148984835,-0.08201316076125212
2280,-0.470261149,-0.988003167637179
7098,0.635581165,0.37233595835331046
2649,-0.948514554,-0.6778314018640058
6425,-0.957085585,-0.8041788156326031
2979,-0.854621266,-0.794678135884386
3716,0.969453442,1.94238133287842
9157,-0.461770975,-0.28964084202942975
4287,0.899203853,0.9549104271256217
8794,2.218474135,1.8708931559021547
8196,0.33750519,0.5306058159067473
5336,-0.841050949,-0.994811182193965
2230,-0.473842255,-0.6792312027280012
1953,-1.211657715,-1.407787616594646
4668,-0.840314337,-1.097165289198525
7380,-0.058908091,0.22059169906042841
5675,-0.706487118,-0.7004551779392705
3697,-0.363797971,-0.26401571790274075
3092,0.248869194,0.22053157966739917
6640,-0.865396035,-1.1951078023595576
8328,0.670388633,0.6873418275396669
2370,-0.843988282,-0.8907577353810002
8263,-0.016846705,-0.042748062474018064
6680,2.161413145,2.066833244825123
9603,1.053706505,0.93981915599695
8020,-0.267446678,-0.9829807876079109
2537,0.724630173,1.000166506182724
8858,-0.295043605,-0.7760086589842288
252,0.038520571,0.67516743010379
3235,0.772156759,0.8290007053663242
10217,-0.514791355,-1.3369192816104793
3565,0.086997243,0.10249553605532394
2406,-1.005806491,-1.3956808620782792
7403,-0.156491111,-0.2117171711047758
7035,-0.194623709,0.17255719427136704
366,-0.470152304,-0.402924559456875
9809,-0.923087455,-0.9845671972724823
1995,-1.638215295,-1.3171702235050717
3992,-0.360764869,-0.9534112003651412
1609,0.671318037,0.5956119863621138
1908,-1.167788495,-1.5259659969197166
4529,0.82230285,0.6570083089385251
7520,0.874080399,1.169700312435015
7242,0.497440245,0.24129331874868687
499,0.774986471,0.36014655171069915
4908,-0.533315504,-0.45296241264010006
916,-0.007878648,0.17449030491496176
5746,0.349713767,0.23455134460076515
10318,-0.513501807,-0.17362389080968965
10036,-0.883936365,-0.9752398263161853
6,0.842181582,1.3159454266522175
9955,-0.926723355,-0.7176080613480821
8930,-2.203535535,-2.313438038141327
1629,-0.434650836,-0.17881873346333416
3731,0.006289775,-0.24216910688957036
7780,0.002278001,-0.11355583182584249
6893,0.558720188,0.693668352117953
6682,-0.798214485,-0.5836621679615825
306,-0.258795907,0.12450356173652749
6961,-0.449911115,-0.3802827236214388
7505,-0.654135545,-1.326710325352674
8821,-0.872634045,-0.46981748659464434
6366,-1.546830765,-1.6207313493539544
8545,-0.40393068,0.1739550764566179
310,-0.627947173,-0.6932515339681661
935,0.657374108,0.5067578406942166
10851,-0.655942635,-0.4481099040875287
6505,-0.313739235,-0.39115288968334844
2157,0.561942696,0.4666281669731298
1143,-0.575484305,-0.5378113689585373
3614,0.266478361,0.4743350877453435
7065,-0.555011055,-0.8367577259312045
10442,-0.660392405,-0.6864969719954411
2069,-0.065029765,0.21283485567247767
10471,-0.811176415,-0.7833534952661344
74,-0.420840923,-1.2067644542269234
9299,-0.638524805,-0.9574356868561154
8544,-0.568389209,-0.5501535972496091
9079,2.183395055,1.6782752847157854
1277,0.371146541,0.48914189281831155
10644,-1.300261284,-1.5365780139796559
8467,0.104210212,0.5246603159656474
10704,0.294811135,0.4712583143307596
7653,1.689329587,1.8341666242180954
10462,-0.737300225,-0.9432815845544602
2617,0.702772084,0.7273707509240681
285,-0.953482129,-1.5391084688567505
2346,-0.124677799,-0.2683290358025212
152,0.719492935,0.5154855185264527
8042,-0.213114116,-0.6456872228335427
9347,0.041979105,0.2669090935467555
1146,-0.423761656,-0.7526441820685605
1373,0.130617364,-0.3534510553630223
462,-0.309910451,-0.5198281033977756
10398,0.488110765,0.40659175303908746
9237,-6.060446235,-6.561790384438604
46,-0.002058949,-0.14025058028793624
4028,-0.845314021,-0.3657525873710976
9253,2.218756765,1.8242931656786765
1853,-0.963137408,-0.6873911559169996
7460,0.709057234,0.5273532340192606
914,-0.53131125,-0.5598999097160856
298,1.059758637,1.3036172726516881
1138,0.508873015,0.6880930359549574
10741,0.730538853,0.7735675341111973
10485,-0.946773205,-0.9252726388359267
4945,-0.633305231,-0.32128668502922725
641,-0.123540363,0.3771660945868179
3391,0.545827298,0.3049799648147473
2890,-0.27253888,-0.23016173797376102
8446,-0.276327855,-0.0767274946473375
3561,-0.090949289,-0.3179784821047779
3220,0.152126194,-0.1629160278806437
5246,-0.762329504,-0.9422761109959548
1909,-1.286000125,-1.2431171965708878
5164,-0.759913269,-0.5215331541164365
6954,-1.058341305,-1.3577696933307104
1288,0.819882942,0.48887296014783793
548,-0.206476715,-0.09513295298860736
8268,-0.428850593,-0.6540666933478438
4770,0.690837443,0.69539232576213
5698,-0.130360216,-0.1618505282690872
10172,-0.251448425,-0.05944043948470121
5855,0.281369111,-0.25809531082273224
1049,0.642876971,1.0569043772442355
7958,-0.48027317,-0.4528787514165951
10534,-0.830336795,-1.3172292836010693
9950,0.856563485,1.1169051228627338
4858,0.012725268,0.051932275339314694
10209,0.599562026,0.3929536959664296
319,-0.362711692,-0.40175460831030535
2759,-0.312203826,-0.12539045882991945
9443,-2.693945352,-2.670071488033032
1441,-0.239749843,0.11229231424559746
10745,-0.996524995,-1.0184158245643835
8909,0.311721665,0.5170675050658988
2889,-0.895965699,-0.7810690035777215
5486,-0.408123682,-0.36787375720124693
6162,1.712274735,1.3369149940098968
9020,-2.015860905,-1.9592715805296057
4856,-0.758458957,-0.497234963623479
9383,-0.145097735,-0.4466922727991706
7162,-0.943827875,-0.7794077975878488
2507,-0.271876691,0.10152718322103599
3091,-0.096677149,0.1312365396452505
3828,-0.912607093,-0.5580397651120115
4636,-0.802010777,-0.64504382127889
4866,-0.233358842,-0.1760838847568868
8458,-0.21543307,-0.4747610816007159
8976,-0.815390365,-0.7232785938244534
9363,-0.156076645,-0.11428075578113206
8729,1.643894425,1.5739318755380818
278,0.75368023,0.7746208554970057
4393,-0.558337324,-0.7181549734650711
1195,0.27704631,0.40918873138811973
6498,-1.305913805,-1.3258484975928368
3662,0.616079881,0.7280844489134195
3440,0.316636289,0.36029264833047225
9580,1.941184025,2.381116742356574
587,-1.031437573,-1.2863908838394376
6302,-1.062564015,-0.7749191230596982
1339,-0.559393398,-0.5082685312873537
3258,0.356204634,0.7122250200531993
9025,-0.948223655,-0.7398229177644247
7647,0.174858796,0.7882032631599832
6135,0.092811908,-0.25133594530351344
7478,-0.869884676,-0.2943027758371376
4450,0.051782311,-0.09670733311042193
2772,-0.540205155,-0.5932374039347346
878,-0.113452695,-0.11837956382182563
2861,-1.129266036,-0.984103040643588
2928,-0.217125346,0.25631007126865535
4894,-0.674723814,-0.9939898160452048
4532,0.17620718,0.3264566573012635
1735,1.004570958,0.5196777754690236
4249,1.15530352,1.1380481940983609
10654,-0.565274715,-0.8204443318510302
8646,-0.972239075,-1.6331130809617154
5798,-0.120403026,0.03263428237502247
3103,0.147279846,0.46846301399375584
6218,-5.131634565,-5.2113027187555625
2201,-0.411547425,-0.46881856251818965
816,-0.29046057,-0.21034549023922233
3998,-0.973047386,-0.4800339392586398
8756,-1.755103365,-1.904298508907301
4831,-0.80261691,-1.1585178381329564
6313,-0.549639275,-0.36728717337949746
5168,-0.87168743,-1.1015236791832013
9737,-0.440992185,-0.5899875006384739
7204,0.061108333,-0.46199344771896084
9318,0.116672775,-0.02248355385178369
7171,2.218313275,2.144295947765668
2757,-0.330064154,-0.5575487746662771
5190,0.358895023,0.1682720589313789
8374,0.666763396,0.6114766954501865
3401,-0.151173115,0.019754992159594087
4164,-0.903475633,-1.0333077980765166
345,0.271732199,0.3413471802072909
1519,-0.071184708,0.4850430619002565
1072,-0.172858547,-0.1498119796819234
4456,-0.97777101,-1.3249059956139813
7032,-0.203322415,-0.05304721627424275
4262,-0.645737568,-0.4178831017541677
9664,-0.070698345,-0.2482611649029277
8817,2.224339125,2.2487265525127444
3023,0.673650325,1.0198205452767242
337,0.390166754,0.293751001504102
4132,-0.953198858,-0.6320893099310212
485,-0.718000391,-1.1446765038793023
8613,-0.839647995,-0.889692417209518
8105,0.319588261,-0.27466268027679025
3813,-1.173194325,-1.1438932119754994
9109,-0.037027765,0.08913324677122078
507,-0.620037368,-0.8792345989039447
3773,-0.591616166,-0.8195271012440861
1496,-1.042542539,-0.42409146600908076
4981,-0.173561145,0.09256278793388609
7759,0.133723413,-0.2557077581061473
7472,0.261257449,-0.10968603697770468
7215,-0.356594615,-0.1874582524979256
4820,0.763288569,0.7157969255971008
5405,0.465412897,0.4672948438553255
8039,-0.301764179,0.37444725367633575
10022,-0.637658755,-0.22935674356906793
5778,0.208732403,0.21748955418067023
6987,-0.689798465,-0.06247018318025688
1815,-0.932382422,-1.1997400896245862
5428,-0.501775606,-0.7331356958647872
10665,0.059134105,0.05683188589464896
9534,2.208187955,2.454231033236918
7588,-0.753490974,-0.6345808870597947
5281,0.061835965,0.2595522681740259
2821,-0.902124587,-0.6485771956447035
573,-0.977446242,-1.0431764006426592
2856,0.845318647,0.6299429797757194
1536,-0.835293565,-0.6812135330290849
3075,-0.30111867,0.24429990676734742
10709,-0.851400895,-1.0177788671297656
3508,0.010616385,0.16068852583097096
4347,-1.091214453,-1.5658674820038383
2994,-0.159114485,-0.4446900230066707
5021,0.756424362,0.5358893217826236
9398,-0.145097735,-0.30499585082778613
2059,-1.626724385,-1.5686474115897366
8283,-0.733129376,-1.61607184564152
4743,1.13312529,1.2575571572366373
7908,-2.380813127,-2.148958775436883
790,-0.432119497,-0.3032340312602243
8868,-3.295605165,-3.2822395153286545
370,1.189828644,1.197181696277683
7583,0.196121287,0.60541916025126
5953,0.564942751,0.8078210817915658
6661,-0.915722995,-1.104797783501331
3946,-1.015491022,-0.8542020511150361
9706,-0.388531785,0.07883984469550698
979,-0.20638855,0.02173584684328919
9889,0.292778355,-0.042996717666193174
3013,0.762777948,0.3436424924661026
248,-0.272314659,0.25732161308432905
7249,0.497440255,0.056102333387944625
7894,-0.381709132,-0.9623381199141419
455,0.766096648,0.5282347983212967
3160,1.074878235,0.892927218535278
1804,0.799920806,0.2589789031232166
2764,-0.616801254,-0.5408516825886056
8137,0.047536317,0.22876855363171322
7943,0.283579368,0.4170354292672464
10605,-0.266994915,-0.8231145873657371
3761,-0.628107721,-0.6314353221845806
10246,-0.599059155,-0.9987940892994615
1871,-0.145648252,-0.2101245610866206
7417,-0.419165672,-0.6926508626461707
2056,-0.526477615,-0.6693438770633977
6004,-1.100274295,-1.1645193882133567
8673,0.803945925,1.1620294515517764
5443,-0.042417785,-0.20471984473486982
1669,-0.117058067,0.04696200346041378
3206,1.027826214,0.7960283804187529
4117,-0.23656788,-0.8035709313548829
7330,0.327485209,1.2103997095805865
10562,0.833251315,0.8445203204143336
1643,-0.745167692,-0.6094561531250798
4689,0.435490851,0.2906178991618447
7078,-0.616617705,-0.4490005539166544
6335,-2.262906775,-2.237678458524941
397,-1.14574144,-0.7395797277503763
5449,-0.182168378,-0.6042513981539508
7424,0.094652286,-0.44359076735958014
9628,-0.525343065,-0.7842999786500484
2533,-0.069799785,-0.3454057384458283
5373,-0.110487334,-0.13084874850984457
9983,-0.480843455,-0.4076761725138647
9657,-0.414500555,-0.9670762786794629
1575,0.356509946,0.34581750131075495
8249,-0.163538376,0.039413866931992475
5094,-0.404449193,-0.43898210117697173
10573,0.542367235,0.6659922744614379
9678,-0.889286528,-0.8041132103790857
8773,-3.296881235,-3.0998025150973736
2613,0.125093725,0.12313733043116257
2714,-0.535691466,-0.4253966781025735
9934,-0.813309725,-0.7953367927761489
2292,-0.072425955,-0.04683051223049278
10746,-0.945707565,-1.0002276262847718
10275,-0.067932131,0.10335016718265949
10377,0.857045665,1.0944948957918872
6710,-0.926266355,-0.6045038151281723
527,0.510159161,0.5245846449984146
5341,0.502071801,0.630416119545871
5596,-0.048784025,0.07404753419267568
9679,-0.437377535,-0.4394964063652489
8419,-0.626117752,-0.7791369370288247
7521,1.235359665,0.7596059728842459
3409,-0.248904705,0.3651539537158673
8514,-0.321723185,-0.45141354074286233
5782,0.40942425,0.5466215343260297
92,1.280154928,1.0695389998367943
9501,-2.015857432,-1.619046466003306
2969,-0.445604234,-0.36458702648257335
4514,0.854596232,0.8012208692586805
5135,0.199281617,0.21434992674970413
7511,-0.535172817,0.1862784456761919
9870,-0.214466522,-0.19688384678846219
927,-0.645658791,-0.5324952284806438
10210,-0.129331218,-0.2226226579458217
2837,-0.403709316,0.08407835860861895
6067,-0.652172515,-0.32300645751806845
3826,-1.050459691,-1.4033116919664341
9767,-0.354071413,-0.3350088416317188
4431,-0.897293614,-1.5664340197373376
8359,-0.620832485,-0.798643331887132
5269,0.266893879,0.48413484679434915
1190,-1.001375525,-0.9697628731562121
8834,-2.104030395,-1.8920787559358243
9377,-0.638699165,-0.27215775950698956
7609,0.010561827,-0.00408712378011095
9666,-0.549715615,-0.5837920490863151
8778,1.077429995,1.4246033593193075
6708,-0.159098885,0.2795774962104186
555,-0.304975938,-0.4285390278367402
1157,-0.464535466,0.2111952756032926
6745,-1.189855355,-1.4665120266294882
2954,-0.64674126,-0.9314162162474511
351,0.765130644,1.2077375090848657
6469,0.086504445,-0.1125264021658464
6563,-0.010882377,0.4305931477709682
4468,-0.348925997,-0.3166926846977322
447,0.576164862,0.2942009261017935
2842,0.179755,0.6228353278354823
1600,-1.009977451,-1.0648463833314519
4817,0.017841824,-0.24448887050197543
3396,0.402597322,0.5542740945507624
5230,-0.471687706,0.07059484633077895
7922,-2.675539911,-3.0525095117836307
778,-0.261986034,-0.28431606273001386
3410,0.179646427,-0.02283377863716568
6860,-1.042791545,-1.2905413769714142
9919,-0.609829562,-0.581190949592511
8737,-0.976682975,-1.0484649191455555
3579,0.039630523,-0.2802399565697675
876,0.767215308,0.6119319182891486
1029,-0.78632355,-1.0931613195595216
9987,-0.756865035,-1.2896597090885678
3901,-1.118808837,-1.157826925066086
5674,0.077722243,-0.31796830649075325
1380,-0.264479957,-0.06110219559821928
9021,-2.204325715,-1.7219055408481814
1991,-0.527755455,-0.30146805605592775
4815,0.505821938,0.43149621252808723
10490,-0.917558195,-1.2199901470281285
2716,-0.524067579,-0.3364151739506893
8760,0.02916108,0.3205847873017079
1087,-0.688979722,-0.617342974292046
8610,-0.759060464,-0.8967699659536701
893,-0.476877053,-0.12608837586629817
9480,-1.170141865,-0.9949907405382823
4410,-0.731883503,-0.9323870614540406
2048,-0.527530985,-0.6258993999538753
8324,-0.392902587,-0.3731659924053113
470,-0.039640183,-0.12215569214549321
3833,-1.007248558,-1.4341410355785018
4480,-0.715993007,-1.0743498889298104
3455,-0.267060957,0.34883065035049887
5302,-0.307450406,-0.050080758412597126
9654,-0.712512905,-0.5864323462830315
1053,-0.138626218,-0.06042408825282787
8150,-0.820042035,-0.6798663704451631
3755,-0.686154092,-1.2768310347248248
9196,-2.043018265,-1.5817992457947132
1792,-0.290348187,-0.3383880256699921
8016,-0.262359646,-0.4822374574325605
5275,0.246755686,0.4817632991572094
1324,1.683117427,1.702459751443036
4341,-1.074154956,-1.0165856352380893
1082,-0.273229505,-0.3697200203652148
7096,1.480834135,2.29407242471216
9761,-0.164778865,-0.422011593864165
8731,-0.484644655,-0.5238848331180866
99,-0.661897728,-0.7322738680125441
8513,-0.409811332,-0.26592373613452813
3335,-0.241397356,-0.6440356805455345
1676,-0.201202877,0.16394467924764894
2335,0.6986882,0.8712497048319698
10001,-0.226523135,-0.31817297391609584
4515,-0.111956069,-0.3857993447889539
9394,-0.273680925,-0.2226885630752192
2618,-0.637409932,-0.5002258106154276
5395,0.026879677,0.2678260997842066
4414,0.00218004,0.0623179294241187
2833,-0.678031086,-0.7602290105487912
3053,0.143369707,-0.09175634933732846
626,0.049863909,-0.2470175370775743
5128,-0.001647921,0.04323146625563641
9485,-0.273809475,0.1147526468008932
4628,-0.267840971,0.06098000124321956
8617,2.173787595,2.391741081700818
5386,1.16971086,1.5750155857461001
4989,-0.268285877,0.4493470135821977
5282,0.201776357,0.5098447424773743
2041,-1.411630855,-1.5344155864339313
1854,-0.936640867,-0.6364661715871065
9837,0.703291005,1.0538651142820143
1309,-0.329229309,-0.1868198391360142
7174,-0.582475705,-0.17009232472703367
4915,-0.235323503,-0.17190453275880233
3968,-1.263529861,-0.6589473278618081
523,-0.258220795,-0.08704119442205221
8877,-0.090436065,-0.4577567271141815
6904,0.367990837,0.2578296567364755
9160,-0.816886305,-0.9793282069521507
3383,-0.593581917,-0.2854860380040803
3655,0.136059368,0.24530145681639842
6742,-1.195287145,-1.6656836246680802
6477,-0.416764935,-0.6899109460594564
6829,-1.096671825,-1.2274011740911859
5751,0.653644108,0.2837137164955434
244,0.150053639,-0.2100352831167329
5500,0.597162663,0.8081054256660012
5431,0.325377537,0.14021386300561153
4902,-0.166697074,-0.47491813945780326
4589,0.221849651,-0.1021030833344461
636,0.566134338,0.8130855131885744
5133,-0.182684442,-0.04660878494723447
176,0.20046885,0.2043694175633721
377,-0.965545751,-0.9105431492784944
10771,-0.996906095,-0.5234032917508145
10794,-0.998030275,-0.7421257185269508
5100,0.3967598,0.7053904974270442
468,-0.847670799,-1.0068211432831582
270,-0.046264387,0.3861175997198346
9006,-1.789861755,-1.8506434868754222
4502,0.417095684,-0.05798083293627393
8671,-0.545381475,-0.07449289891815214
2601,-1.020260497,-0.8343470632101591
3904,0.044849803,0.5292834402129554
10101,-0.781558156,-0.7213365937724832
7184,-0.867377765,-0.8544684730036155
8130,0.338680177,0.2567781525932247
2284,-1.037396322,-1.1767176006928164
8720,0.014537405,-0.07831556077816877
3265,-0.499093243,0.08327198793912471
7600,-0.579404514,-0.6180677276066261
1162,0.688106509,0.27123476897092125
7919,-3.057793611,-2.9174865798423344
10311,-0.216816905,-0.37354132351325275
4340,-0.294242,-0.011887440074009104
6450,-0.734773165,-0.8166265289020392
8156,-0.598376285,-0.5437468112552414
8658,-1.712683175,-1.6921865360180548
10775,-0.761617495,-0.6966510734865382
5286,0.17431422,-0.19075479310205015
7665,-0.137495047,0.055073189857591465
4702,-0.629867345,-0.42998644338694303
8413,-0.61891762,-0.540687574755081
5992,-0.322038045,-0.6215300775873165
9853,-0.15076821,-0.3433146311833024
8270,-0.034838735,-0.477835902055416
4631,-0.332638895,-0.49443039933898114
8493,-0.147785026,-0.31436695240395146
9545,-0.573213955,-0.6109378442487319
4614,0.743539091,0.7602982729533492
2783,0.443399024,0.1307857003270691
7674,-0.630291162,-0.8818413469151857
6190,1.960841315,2.2857412965550603
9810,-0.908994325,-1.0779572452127861
21,-0.87735665,-0.9450895401459607
9388,-1.264215435,-0.9560701242320548
7947,0.121916733,0.36358914384185204
8943,-0.621631645,-0.5174123990695714
344,1.058900662,0.9175891703145033
9562,0.054478645,0.22584590807087182
963,-0.706210515,-0.4935093877234463
10449,-0.741180785,-0.8088975744836404
2730,-0.568188253,-0.1989258990535795
3189,0.515584022,1.064470082514826
7987,0.336228621,0.23060229676383573
2009,-0.613190325,-0.33191928371203255
6131,-1.077825995,-1.242048251830062
6836,-0.860265015,-0.5818378317026756
8435,-0.04187832,0.003264029632170297
406,-0.0035568,-0.32384292881477833
3048,0.731257913,0.8589048929720691
8659,0.315586005,0.3534797593760998
3357,1.041593814,0.4029735856755564
6876,0.456542394,0.6218475120678899
7837,-0.011800013,-0.03514644384094193
7365,-0.048407489,0.18085647200165658
7411,-0.094549495,-0.06531926191080908
10660,1.183380675,1.6046755595984856
8087,0.226217486,0.1460762402174736
2999,-0.402313644,-0.44889135864742463
1813,-0.514129574,-0.24507777924034047
7897,-0.067643626,-0.10381978254204086
443,0.871996007,0.8452599951461635
9724,-0.137093925,-0.36228197159302666
7990,-0.272876438,0.0898927561671814
8827,-0.871977715,-0.7712235355839793
3912,-1.047741818,-0.7449002814212093
1215,0.041778998,0.4161016198021201
3588,0.742938672,1.1148138739324684
6789,-1.339323655,-1.1330956284620488
3586,0.759688367,0.5509799038408808
6148,0.192098356,-0.2511853660758334
1126,-0.247521278,-0.15673063842829005
7650,-0.06915447,0.2619615341167789
9005,-2.483576105,-2.8302883774750747
1558,0.772007505,1.2198140756878566
2541,-0.043328278,-0.42087975120260035
6253,-0.461825375,-0.3712633607836965
5241,-0.25231919,-0.5050489790378979
7887,-3.112771357,-3.60933877065683
664,-0.726407756,-0.9402614908031492
10694,-1.280989235,-1.0755747787850325
710,-0.283097442,-0.21979220183921444
10475,-0.792939725,-1.1450288427640394
8245,0.298392769,-0.10648880771357838
6492,-0.375582125,-0.08818394255599427
3516,-0.100551506,-0.3392186263822647
4933,-0.383211116,-0.04649885038905216
3645,0.908512596,0.574298660951402
1914,-0.528490815,-1.0688081352458216
5559,0.319611853,0.5521463894767258
7605,0.07517703,-0.14419934064388706
400,0.519492938,0.041164640361689875
1708,-0.215201637,-0.25499176091477205
10418,1.978146765,2.234617941790921
3847,-1.039425747,-1.1783076006075774
4577,0.07342298,0.6195861523825447
4413,-0.518816463,-1.2682347682478818
8194,0.330786631,0.36309646573198556
332,0.11866694,0.1414083074581179
6262,-1.055137725,-1.1024889779520781
4143,-0.434027015,-0.3405311581985665
6349,0.423371275,0.20708024245903112
1455,-0.372014856,-0.9002436837467453
1450,-0.518617683,-0.42596777922031087
3058,0.762709783,0.4020649251771734
10270,-0.200528171,-0.31063495541649255
10399,0.953077445,0.39215794641350277
4342,-1.104991304,-0.520488510563056
4667,-0.261716913,0.2378886622870593
1774,-0.284182359,-0.5069235347094144
9915,1.009397985,1.0963713372112989
1673,-0.537876268,-0.8145993233495508
5085,-0.182173548,0.5152284437558454
2805,-0.981267945,-1.5141418450399355
908,0.975720768,1.1693660223423226
7871,-1.409763967,-0.838996505431132
9147,-0.816870765,-0.960861208844618
5733,-0.115952197,-0.17308605277876504
9909,-1.341111905,-0.9169031643314038
6235,1.371159225,1.6619700157224162
6202,-1.534857315,-0.8472839349543942
6493,-0.374842275,-0.1757785894504695
4461,-0.974632449,-0.4198238065840857
5959,-0.179255672,0.4368899350259786
2669,-0.33534221,-0.14765292990619971
852,-0.484553385,-0.6757695231919553
661,-0.368792756,-0.5328504383721177
4372,-1.136421405,-1.4640577651045703
2236,-0.094043565,-0.08976164464906976
4037,-1.071824845,-1.1382788238856372
8971,-0.045260035,0.39858449355826187
10558,0.987725615,0.9569310429648106
6791,0.927837365,0.7916699401540616
271,1.478700069,1.0479414236461682
3585,0.257192748,-0.1308595395612287
6480,0.879294585,1.0872598654976113
10575,-1.158796665,-1.0288774809776042
1490,-0.238131446,-0.403688889767734
2723,0.540172501,0.9846715217387796
2281,-0.506506713,-0.7097761087006966
3445,-0.190241724,-0.5325442769258215
6694,-1.204366155,-1.0481593060731993
10717,1.109887993,1.3345688271417782
2651,-0.458422021,-0.0026368439074693772
9107,-1.444186335,-1.3097628326961324
3000,-0.183019822,-0.7553620893632172
2244,0.581275432,1.066439204490587
694,0.150358678,0.3282890553905151
6872,-0.552390975,-0.9573686663583818
3385,-0.57610663,-0.7452908764174729
6863,-1.038927715,-0.9619024754014638
1012,-0.939679018,-0.3171007562124204
951,-0.935203834,-0.8295872150457109
5484,-0.244419861,-0.9597118976357237
312,-0.575034637,-0.32740973230359105
4359,-0.764454713,-0.5603886048569927
2658,0.154961756,0.20651355793805937
4725,0.517853724,-0.4332739967634167
3765,-0.860625594,-0.8553416184199029
7621,-0.281029661,-0.43241978368677036
7598,0.547581752,0.845871400006287
2358,0.578541096,0.04567052613050404
474,-0.60612963,-0.1126393159496149
9506,-2.166994839,-2.2033011483028693
5929,-0.617506437,-0.4965240680888484
3973,-0.732194257,-0.706184947175681
7481,-0.651540259,-0.5628867515228984
3069,0.255644557,0.46346138353505784
5436,-0.192939052,-0.21005140205588252
5145,-0.016776771,0.020267171749378265
8501,-0.13010783,-0.26560015675308407
1193,-0.228136705,-0.13220212475723891
9407,-0.109779503,-0.23775087884917206
775,-0.192328565,-0.6633959809671369
5199,0.372192138,0.6498938008508165
9896,-0.149003007,-0.28203183247051067
2318,0.322049585,0.15455905881619086
6996,-0.042174845,0.18853465163268263
8569,-0.884090651,-1.4007677311872557
2715,-0.659674422,-1.2896823742954873
10003,0.035296735,0.06842214908383587
381,-0.801020827,-0.9808386206332066
6206,-5.597090065,-5.716929712141855
7817,0.356303427,0.08739316265244579
3925,-0.786631855,-0.8875479386233409
2328,1.377286235,1.5859475622697332
4203,-0.20689305,-0.49781616589040234
2437,0.688787746,0.9366018974324519
3911,-1.027905264,-0.9623450512767162
3322,0.836450184,0.37176202648395756
5606,-0.48969239,-0.8709779063276848
8483,-0.253109408,-0.6505631422798219
793,-0.376950049,-0.7599746217460928
9345,-1.208052569,-1.2565827533497007
9425,-2.812721006,-2.8057897021997804
8000,-0.563432792,-0.5733403711158681
674,1.060760969,0.6385074605846536
8883,-2.085142085,-2.2012209189799843
8592,-0.533217543,0.04754076470418134
4657,-0.623357837,-0.9056646471999137
6968,0.011465355,-0.006063680699246472
2222,-0.368834798,-0.145577206550019
4065,-0.731427984,-0.9212920664654376
2879,-1.068700026,-1.1248987315219123
8386,0.137633139,0.626672128462323
1283,-0.753370292,-0.4663595969616248
7917,-3.223468904,-3.360634465795759
1878,0.693532187,0.18850072933371487
8687,-0.421996465,-0.007954783339445548
5724,0.822115772,0.6877273704650074
8122,-0.403519788,-0.2779084145122895
1102,-0.247733255,0.3787791564342182
846,0.404716137,0.49146673017234543
4943,-0.254753656,-0.47320522629094464
2246,-0.328128855,-0.5977640694969384
868,-0.310990335,-0.11342705319815088
7341,-0.356116008,-0.23253010828145712
1941,-0.583744395,-0.7012389652265373
5426,0.289488852,0.5786609322227587
5307,0.654790387,0.39929173469968204
5444,-0.216455674,0.010244077623294379
5012,-0.301848262,-0.29921316553055566
10300,0.689127616,1.2613748177659805
8693,-0.760080565,-0.7959481919879188
9519,-0.863094475,-0.9845032320589979
3798,-1.020829623,-1.3188372328745852
6403,-0.634481555,-0.4832003305884848
4467,-0.753616827,-0.6283126013281798
9248,-1.303168585,-0.9042302754384773
7396,-0.635276247,-0.21867689096925536
2980,0.84563185,0.9248378744001009
4170,-0.880877531,-1.34371849647287
8201,0.670106548,1.04115628783818
8319,-0.268937998,-0.4168134804847757
6541,0.156445315,-0.6459248234462421
9008,-1.500887455,-1.4093422042375081
6399,-0.186731999,-0.6168737461785243
510,-1.048718163,-0.9675811152660483
7377,0.212433161,0.3951738167160541
2663,-0.005653981,-0.2901583822672602
7443,0.668230855,0.904692097239156
8899,0.310798815,0.4978015052024486
6631,-2.039455125,-1.9022912058922459
7010,-0.042174835,0.04523886044478378
10020,-1.127995145,-0.6645427062745226
4361,0.412125797,0.16474212186957174
1030,-0.24611513,-0.3233280912270035
3812,-0.641158028,-0.8981074992227597
1482,-1.033015153,-0.5149259976299785
2680,0.803676113,1.0074189456314586
872,0.032189707,-0.38160606140435815
6744,-1.191672645,-1.49206704125939
6197,1.712274725,1.5693085845699426
8914,0.310753355,0.2648968574557324
8911,-0.566143785,-0.8122423233397402
9497,2.060219949,2.2783703456676303
9128,0.197733385,0.36887921082390723
7323,0.282750305,0.35623743295160115
5035,-0.28517435,0.43313422017473524
7672,-0.30236487,-0.202066753633949
8277,-0.552328642,-0.3178794701618104
10592,-0.273292795,-0.2976507502406409
7714,-0.130516409,0.2592285371643002
7635,-0.284514623,-0.4098495267540857
8472,-0.202550113,-0.40006492838213364
4180,-1.082361093,-0.9988565026065992
1832,1.254978956,1.5409199461739735
5517,-0.092057472,0.09590403700108274
4273,-0.821534673,-1.1454555693827546
10390,2.219931655,1.472583232554562
6511,0.601956625,0.8666425727797646
4932,-0.78467835,-0.3243337194616455
6935,0.317195483,0.4613780610042042
10759,-1.019131775,-1.2901197082337328
1874,-1.050336696,-0.6572440721641175
414,0.69935692,0.7990511235938775
9441,2.197537325,2.122201974607268
7076,-0.244531685,-0.004321100736326966
10010,-0.004097145,0.272483768402285
1110,-0.354322695,-0.411527415229004
831,-1.04556205,-1.3211576339452595
866,-0.762061472,-0.6763018547825285
33,-0.151672308,-0.46898558668677015
5843,0.008494033,-0.6286902418101995
3856,0.794369412,0.3756326513422545
1750,-0.694358869,-1.5053285568997712
6332,0.055255105,-0.07772393444537087
5170,-0.948660544,-0.8556921101858096
10321,-0.430865868,-0.2511406124115533
8211,0.026812874,0.21927536748080356
4404,-0.165583584,-0.20313591251494928
9183,0.119309565,0.2194991099028571
9288,-0.273713455,-0.267677116125742
6281,-1.226192235,-1.170440946329174
6319,0.974439885,0.9426126943975739
6056,-0.370332485,-0.3479796068519682
2688,-0.050743925,0.17629267899609458
4916,0.47825531,0.7970524972362579
1301,0.233133531,0.5307462358609568
8489,-0.258550596,-0.47559658272594
2827,0.229427477,0.21082627419019045
7167,-0.836855005,-0.8709987665241274
3469,0.726814566,0.6612185827694893
4534,0.769636713,0.9923743870777861
10450,-0.907091505,-0.7703974319734216
1934,-0.581365965,0.21193703910511041
365,0.81015528,0.6897891384342492
2578,-0.608851993,-0.5246610716529592
9903,-0.579582725,-0.5920300563732137
6273,-0.862348885,-1.1869231956139399
1939,-0.581496565,-0.5521016189587314
3703,-0.150226703,-0.40130291413888397
5771,-0.456822399,-0.5060949945096096
3325,0.289875933,0.4324262569486145
6712,-0.159098895,0.2711940058056228
6944,-1.019008675,-1.557266234964831
2184,-0.294825075,-0.958383648398852
412,0.547793049,0.08755879777931336
10810,-0.061236805,-0.27519449630983983
10525,-0.840036035,-0.8658846662298484
2593,-0.650610174,-0.6332033535574815
9028,-0.890813595,-0.8022461674964272
8682,-2.168363945,-2.6745476688923504
7248,-1.002123155,-1.5773278208030899
4762,0.965276495,1.1668598773443493
7886,-0.005228668,0.34596982079529803
1411,-0.379310228,-0.21244122517980205
8124,-0.245501785,-0.3455476692909086
4020,-0.972493226,-0.32151224957583713
9848,-0.627049385,-0.8755035541620524
6662,-0.903422315,-0.644147799590409
6325,0.535075565,0.11125783732983313
4130,-0.729787002,-0.80270536166426
4751,0.005788542,-0.07109570527547174
241,-0.323521449,-0.35794238144006973
10421,0.195670915,0.31492924197194616
6936,0.317932503,0.7519014903754102
4750,1.083394173,1.4145742370105723
6428,-0.995532795,-0.5896926345309825
5002,-0.442771665,-0.9814646167890044
6833,-1.094269005,-1.0615441138950503
6591,-0.323354779,-0.6766832163974074
3928,-1.064446343,-1.418257079489785
5413,0.598157375,0.8610095545079226
10289,0.549351989,0.32400182311283643
7828,0.059514701,0.11685197115091765
4115,0.799098342,0.6872956668144076
3876,-0.692259374,-0.40725462539910634
10535,-1.613337955,-1.9773769630458768
7599,0.370425711,0.44684505221406284
5744,-0.760405659,-1.2911207501218196
5821,0.327135393,0.40771346731328933
2803,-0.035600517,-0.33681689605260307
1136,0.141311302,0.49815244867739217
8984,-0.879774517,-0.94737996251326
7186,-0.867411465,-1.487002297512183
7497,-1.113476086,-0.47610921705129583
480,-0.676876915,-0.71525219244423
4150,-0.451851696,-0.4699728147590725
8704,-0.859980525,-0.33668719057706664
10274,-0.280961348,-0.5091415473275417
911,0.749304231,0.8150493292991816
4993,-0.384840942,-0.21480942414474616
3955,-0.548837422,-0.7322529962165885
9907,-0.197266887,0.49951588057882984
1667,-0.591758482,-0.7431909583684653
1388,-0.959691086,-0.95008984128027
8552,-0.015104767,0.14298965040912592
2629,-1.10958513,-1.253433020219773
4241,0.454455145,0.7220754249195162
1698,-0.337304423,-0.18313206810232552
5041,-0.254002486,-0.7616837354929986
9773,1.206747685,1.1430121741860833
3074,0.587384252,0.3674743533428032
1583,0.48391691,0.5024208649543914
10075,-0.902212005,-0.9953308459426541
5567,0.077060734,0.2845463065364165
6440,-1.546388425,-2.1162895092576646
4331,-0.495989921,-0.8420976054019575
3727,-0.031486973,0.28944446349515507
9350,-0.623997545,-0.5265630667669656
3803,-1.065602554,-1.0177638019587614
517,-0.22742363,-0.5206902034395653
5978,-0.171677165,-0.09971984124521101
5210,0.404712463,0.4368634375778789
4440,-0.161114658,-0.5681953289098726
726,-0.542904252,-0.5373740720803821
8331,-0.527306142,-0.18428670985513423
7535,-2.390281601,-2.7130025955324832
6637,-0.869296205,-1.2629451653586554
10438,-0.758129525,-0.27317302864587534
1103,-1.078799259,-1.120676147446552
1528,0.976273704,0.8296188774641178
10625,-1.162337675,-1.2480001625921673
9029,-0.879597695,-1.0834311904753249
1884,-0.760806785,-0.7687285120876781
8320,-0.871495726,-1.474560722369819
10025,-0.810963105,-0.3676470164093775
600,-0.60440987,-0.3773132850063945
7934,0.300430834,0.24352278596427773
1475,-0.374933413,-0.18044928284684228
2789,0.227891802,0.28231978803419144
10786,0.765752016,1.0829802021342407
3580,-0.125489651,0.5119417699050884
7011,-0.823475905,-0.8138203788889481
4239,0.798350846,0.7748816482824447
4406,0.063654094,0.029086824234340718
8792,2.222749225,2.2417188689539302
3077,0.619644708,0.7855567337557076
3344,1.002103429,0.7126918012747855
8191,0.53768622,0.41467739653832675
9709,-1.070919975,-1.3934508894350266
8949,-0.620935855,-0.45298732035158207
10162,0.003414484,0.0883537306958575
7967,-0.365833246,-0.4798442998868061
1590,-0.199115764,-0.5207574675956821
2353,-0.971642734,-1.3814294473601603
4439,-0.823802197,-0.6737592870658349
4206,-0.860053339,-0.7118341633073442
8600,-0.624240711,-0.7394952107120927
1834,-0.427134644,-0.6108658563921314
8557,0.150029421,0.7945184801360876
4427,-1.027773969,-1.2810711801549215
3507,0.105047915,0.08674672344338494
6434,-0.672585685,-0.6320285827037843
1844,-0.733582582,-0.6856256644007799
6691,-1.204861935,-1.4157353664118704
7303,-0.697797942,-0.5960998878571742
2342,0.627836015,0.7754416693978398
5121,0.540198216,0.40935158354775447
6205,1.036999852,1.5116348773910704
4016,-0.309997255,-0.45424739185359386
3592,-0.316394379,0.37469724663143666
7302,0.151598776,0.014589491493026102
8132,0.726030434,0.8103880393730827
7836,-0.33151712,-0.12046947553249257
7854,-0.810290929,-1.1104797407449722
4155,-0.942017292,-1.0071566144838606
362,-0.214832107,-0.24746015153705728
8910,-0.637372415,-0.9012655176653721
7187,-0.867542575,-0.231053182800939
7241,1.287590485,1.1545084359377842
5256,0.012085664,-0.111658039566381
8857,-0.521773575,-0.48199427339216966
10114,-0.480843455,-0.56520453362083
9544,1.241514625,1.6641004730337758
2017,-1.286000135,-1.887158844322026
3353,1.254717182,1.2778641308653151
1000,0.833925784,1.2537324149758007
5849,1.115012033,0.9453941419143795
4666,-0.199235902,-0.3917359480391147
5869,-0.468514723,-0.584477207769328
2467,-0.289754026,-0.2783726753657194
6673,-3.639329605,-3.6020438965447448
9769,-0.809580175,-1.3417127146607557
4582,-0.636001199,-0.6377876117638188
3112,0.620788539,0.5305306148577521
5,1.243139283,1.172898195915246
8248,0.33946196,1.3526768357247936
8995,-7.141594075,-7.111105058939973
2012,-0.625452775,-0.8561954799361894
2094,-0.877451345,-0.5657178087739194
7225,0.470776845,0.13454654979112513
2607,0.310593048,-0.35107676912972074
4926,-1.035736156,-1.1702990069583583
5089,0.979946968,0.7658715670278473
5732,0.546708403,0.8535608444652292
4977,0.330466066,0.3652134421680838
9900,-0.278978318,0.0014180942009870412
8264,0.327264593,-0.33748213450620046
8504,-0.328355143,-0.7400780642683921
9358,0.0909197,-0.027594355650870234
1421,0.931326348,1.2530785491929406
6128,-0.886154665,-1.1310011617084132
6547,-0.860479385,-1.1058469376415516
4146,-0.638951321,-0.5224386022309495
2409,-0.906840456,-1.2513194426257854
5793,-0.508437905,-0.46658856615576233
4436,-1.09931501,-0.7472823270102665
8238,-0.015828795,0.46893295203669405
3003,0.700750414,1.267056711202057
10145,-0.481175405,-0.1457952581818544
1661,1.274730067,1.2393095089026762
4844,0.740018754,1.0899299177007755
90,-0.274377554,-0.2452542891955879
3282,0.914508216,0.2687931526172459
249,0.689599461,0.8110939742882867
10830,-0.695368145,-0.26461120577423064
1989,-1.603555255,-1.4739784915978178
9960,-0.925705955,-1.2469058768570536
10139,-0.480513775,-0.8693283828471785
2285,-0.407289381,-0.26867111302443103
1937,-0.629817125,-0.48950917347037004
8990,-7.937798305,-7.457476013150682
1358,-0.41278853,-0.8564620006322385
3245,0.715705383,0.9472814294510025
5509,-0.472572348,-0.5150996142082616
7979,0.326252466,-0.18846002959143882
6475,-0.442831425,-0.2580413231859485
3031,0.465445823,0.2679712992998455
8302,0.040467818,-0.17600290670200874
1346,-0.204253954,-0.9704302944705865
1282,0.347848562,0.5602811650065771
2679,0.385505852,0.30647138717532524
2310,-0.949202322,-1.0454026096671576
5457,-0.123845947,-0.20710003265807003
1677,0.992439851,1.4488346665767353
8495,-0.223400019,-0.0010040739276257205
10177,-0.481735365,-0.31686307018066684
3587,0.823089395,0.5476512999750276
9744,-0.321843201,-0.15010177746607928
3735,0.62066391,0.5840467703636169
4441,-0.235350579,-0.16840466257569092
460,0.058792372,0.6482099118749167
7058,-0.664218325,-0.07828616551822776
7270,0.971743323,0.45644167849098116
52,-0.570364892,-0.7734414920917876
8826,-0.829166515,-1.1535905292217863
3799,-1.049743079,-1.3545067270969935
6529,-0.591379315,-0.832108326959451
9290,-0.850161105,-1.0518791802979506
8972,-0.565589735,-0.7632968829979011
4922,1.186901924,1.3631194339418038
9710,-1.408224045,-1.722300570032072
9750,-0.375615565,-0.5210041343800244
5986,0.570911432,0.33177736213250586
6412,-0.222568795,-0.763693940227749
4073,-0.863013937,-0.9064853107244294
8904,1.728428965,1.601278903538055
8013,-0.365788075,-0.3825437297958432
7427,-1.284779491,-1.6360569591422363
8399,0.074054965,0.06274882877732862
7625,-0.801872135,-0.5485353733785003
4084,-0.082525733,0.31082451634078734
9553,-0.863439932,-0.9313981737148515
9325,-0.624681675,-0.516107393780842
10434,0.208063335,0.283364397945044
9061,-0.974078465,-0.9628125420018311
7645,-0.129187887,-0.29495869083565573
7029,-0.617270085,-0.5205186869130286
3306,0.835721191,0.9953230506465829
501,0.374124827,0.946949819141039
904,0.232706449,0.290036169405971
2164,-0.472272595,0.0018896109705120456
7334,-0.375942632,-0.3034020105332754
10046,-0.961195059,-0.82595135810046
792,-0.831015935,-0.749542283841388
2011,-1.539621845,-1.7684392785698644
2029,-0.707297585,-0.8547884406896141
4154,-1.006901885,-0.7098520133122133
10028,-0.736946325,-1.2483329124531348
9273,2.224339945,2.5342969043089445
324,-0.917250851,-1.2190560654499105
2690,0.437614428,0.13260948942705086
7338,-0.618744854,-0.6133306782595327
3644,0.509948817,0.2666485579113466
5553,0.242999427,0.4346025689640903
2469,-0.669081398,-0.7318755438738085
4672,0.343589164,0.48766731442177746
9057,0.653078805,0.6185935255524473
4160,-0.577282434,-0.5734338409368944
2726,-0.362977547,-0.059538636377493126
5201,-0.482723419,-0.6357716630950652
9422,-0.171886156,-0.08423550753780219
6617,-0.038627515,0.6709948165999919
7149,0.097173545,-0.12414746640545227
3858,-0.329254071,-0.5464511705227827
5455,-0.633593399,-0.2137474709082971
9886,0.309801315,0.2677186393348715
4575,0.99140092,0.9249399407248786
4761,-0.1989061,0.001745939163865451
7016,0.108564405,0.09803546496462168
9448,-1.132267365,-1.2467566936239634
2530,0.809403702,0.9514933250434363
5409,-0.083146016,0.2524189672765978
7229,-0.463439392,-0.26476049735211415
9692,-0.351422317,0.40768858359250687
7874,0.833075565,1.680341692918561
6483,-1.546388425,-1.6461622389549624
4976,-0.932321332,-0.5187804437615486
342,-0.757736903,-0.6842469316673832
8349,-0.386830094,-0.0015986854463307942
471,-0.127295126,-0.8178714754206755
10333,-1.016178285,-1.061276797129113
7867,-2.691891232,-2.4488132186874
4679,-0.427294374,-0.35189937952856926
3444,-0.164547646,0.044073096365089603
2952,-1.037534556,-0.8975332614101756
10620,-1.006511675,-1.1328507454403252
5586,0.21536028,0.02205819989340474
2513,-0.56887915,-0.6453658880661094
2249,0.522484512,0.7989795455773379
1738,-0.418690815,-0.13359853740792726
3792,-0.282443824,-0.20528413289322178
20,-0.007006387,0.4326882436764662
9218,1.71088563,1.440837561637901
8258,0.527407391,0.4304570912892546
3459,-0.383959429,-0.7354557331952685
7042,-0.661887905,-0.5236487319152099
4632,0.131286628,0.24720142415441826
9780,-0.925217375,-1.0625204728965298
2379,-0.743453103,-0.6653689510251342
120,-0.406960396,-0.16965081188708594
7581,-0.421788423,-0.22161487877122746
1284,-0.848195706,-1.0839925441523848
10763,0.723027966,1.2033003635666746
608,0.213341603,-0.3202744716712836
10200,-0.796374483,-0.7088546653865073
9892,0.182774103,0.07382143538015515
10478,-0.791955755,-0.22176104248337403
5410,-0.139690047,-0.2976495531288129
4242,0.823823966,0.6468562706733176
8766,-2.635041705,-2.3303533398016585
100,-0.768583496,-1.1931947186151242
10559,4.595020375,5.0041025635599095
4109,-0.809907112,-0.7403544843595455
6248,-0.830915275,-1.3391920437985232
3125,0.058045011,0.2799409565174014
8223,0.131344934,0.26617498878417867
4598,0.242338598,0.36887262027526124
9732,-0.388353115,-0.00746913622004719
7524,-0.879491761,-0.9014239516026816
9362,-2.427166905,-2.4359187147679684
6330,-0.851709825,-0.45625070482979246
4256,-0.651204607,-0.9020232526300074
384,-0.217849577,-0.4455893754661093
667,0.534527227,0.9857251235748066
6164,1.977762255,2.451593622508458
6013,-0.540449975,-0.21219611074355738
6594,-0.749701375,-1.3017812904386705
2735,0.845413886,0.6861226166564107
3769,-0.971635795,-1.1375120462101906
10604,-0.909270125,-0.8543957559139232
6309,0.011260615,0.019893284224299576
4320,-1.160324429,-1.1662865196104937
7214,1.273010765,1.2772122552114142
3729,-0.046681673,-0.741524831890663
8202,-0.018285779,-0.1803986806961163
1003,-0.228855085,-0.4229361183116722
7337,-0.674843642,-1.19618502675395
9402,-2.620982376,-3.097138796903536
3956,-1.012295181,-1.0401784429840766
6606,-0.196831505,-0.43974895573018513
5253,-0.058306512,-0.5032018415947255
5206,0.191404058,0.5393560479165033
2356,-0.946516559,-1.057299700773861
9801,-0.905261695,-0.7542919796402511
7726,-0.829805845,-1.2154855792158317
5212,0.389726202,0.3371378430287962
7690,-0.239318825,-0.11641322187603512
6983,-0.334487945,-0.5360041817774233
1044,-0.708959137,-0.7607473269822459
8672,-1.368429715,-1.3886636825665546
2553,0.300746201,0.41763045421127115
2676,-0.696412648,-0.5915176338100919
7289,0.971377193,0.9667082663389118
2070,0.839368333,1.1289875783773513
6070,-0.542683515,-0.36974811146327324
5659,0.331615203,0.13016154090583631
6242,1.386972865,1.7867383052995383
10307,-0.528494025,-0.4126440756004834
1659,-0.321869038,0.020094530338713612
9242,2.256646705,2.2525957316221072
1502,0.491400993,0.24594132797330787
7697,-0.375942632,-0.7986183628071574
5023,-0.60253038,-1.0823488086582933
1099,-0.433507141,-0.3295605982306022
7005,-1.014872415,-0.7817929072935513
8470,-0.451005286,-0.47370660779711904
10411,-0.808707095,-0.7553345775765037
3339,1.019189321,1.558097567878089
1165,0.571148308,1.303074029901782
7192,-0.003794865,-0.028363178871747902
4047,-0.99057383,-0.1461774966582341
8864,-0.569148025,-0.4277306461705027
77,-0.314988367,-0.40469057213976023
10002,0.850646091,0.6714317726864572
8076,-0.237677288,-0.2624866115055196
677,-0.568153967,-0.04247283397291324
10482,-0.913367715,-1.3146699708263052
8754,-2.160023725,-2.3568528958016923
7711,-0.63390112,-1.0338455225431626
1079,0.664772203,0.9198387256340478
2061,-1.709159595,-1.750371131519819
3443,0.401185188,0.8777732664130787
4497,-0.156704781,0.16634966239730412
9111,-1.506057185,-1.3440518444830578
5533,0.658771549,0.7219204386764511
8391,-0.56519813,-0.6003497314923126
3354,0.22982762,0.05168419757938847
10279,-0.210324677,0.14656811664557076
1966,-1.211856575,-1.271058101092198
1949,-1.158187315,-1.1736054320765459
2381,-0.107552587,-0.3946978614685128
350,0.027786905,0.12105917467940137
280,0.243644337,0.2776995405753744
3908,-0.725529101,-0.5497578406506053
4496,-0.96525908,-1.206810605522863
8881,-0.309411175,-0.42078838620111814
1690,-1.004464697,-0.8284565565574176
6238,1.386972855,1.1601876429924238
6551,-0.739153535,-0.39210340068890337
506,-1.085082367,-1.2628005442716608
2043,-1.411630855,-1.3659243933898835
5146,-0.697198377,-0.7344841101487308
6693,-0.684825595,-0.5448962087763048
3067,0.170432244,0.17595273323503144
1125,0.813081048,0.46917743009439367
4683,-0.735157849,-0.945006415050293
8986,0.679353967,0.4758535781993519
3891,-0.74140912,-0.5666377243573585
9643,-0.647437525,-0.6283268170702687
0,-0.107914362,0.041099883903369785
6334,-0.164151449,-0.1985192772417559
879,0.46308646,0.8196044420344252
8912,-0.636866175,-0.7037738793799206
2611,-0.346376154,-0.687681855127445
9164,-2.043018265,-1.7613274243885626
1221,0.397102664,0.49004887706810824
9875,-1.137932495,-1.1442088062149232
5615,-0.645399194,-1.4114640728167696
1672,-0.72132535,-0.8388527947131466
8768,-2.636827495,-2.621090278933167
10167,-0.821842433,-0.786843907649149
910,0.320578266,0.22824479551409976
549,-0.123967582,-0.30516313801474615
7355,-0.317142298,-0.05792130335831591
2787,-0.446045875,-0.8348808742749683
1569,-0.868031989,-1.0267477922038883
7563,0.559040738,0.8208769623408829
3843,-0.858989918,-1.2705128567790518
10806,0.821398071,0.6488421361069451
6404,-0.631930275,-0.4754954552821413
10649,-1.285017345,-1.743255751835611
10542,-1.338371675,-1.3176461171827187
773,0.875933902,1.167700236888019
4742,0.833678977,0.8341646864070824
8950,-0.745021055,-0.6737282581100124
2468,0.36778784,0.5727865378433208
2073,-0.338007973,-0.27881326077832136
3034,0.607584895,0.6252801614768793
4851,-0.897556068,-0.13285315538468334
2941,-0.351946325,-0.49189493876845936
4782,0.007820688,-0.49938080028193554
10708,-0.755468205,-0.8102436685237325
3806,-0.773181948,-0.7627678233742314
7577,-0.933219172,-0.9424551227240247
3475,0.073306652,-0.3120686277099908
1266,0.420673845,0.3873060265953899
226,0.763287073,0.7825710787286388
1302,-0.12335723,-0.17584515700862258
6521,-0.309227165,-0.3317051318355344
6489,2.772295095,3.168593831862213
6207,-4.463445635,-4.424689393000487
8252,0.152113887,-0.41197263617063534
2478,1.21563007,0.8140483300830255
5579,-0.168693301,-0.1639886300585127
2637,-0.316221315,-0.033828140769755044
1968,-0.149023275,-0.2074957591058043
737,-0.168714934,0.12609236118365416
7231,0.470776855,0.977041271571038
5464,-0.191380792,-0.7815783112677983
8806,-0.737295565,-0.9973609404650401
2227,-0.297692595,-0.4778196647216115
8547,-0.497182188,-0.14352915479230693
1962,-1.296174695,-1.1398379664861984
8641,-0.968868695,-1.1999961347413637
9730,-0.387635595,-0.7708665761536028
7909,0.304631592,0.5395795583331032
10095,-0.259242285,0.22049468725102023
1047,-0.313083434,-0.7860010810952748
7789,0.389841391,0.7281777991334937
9373,-2.09027921,-1.9909675391548358
8894,-3.297651905,-3.634610420262613
8293,-0.838408316,-0.18128321564347305
10470,-1.680720235,-1.5235205483247014
865,-0.759495166,-0.8758056339807953
7659,0.603667408,0.35180914059470275
5096,0.071635465,0.3383816124363418
1758,-0.818521012,-0.33483753460340643
2666,-0.3470012,-0.0925489361999996
5611,0.88671723,1.4166707700982901
7652,0.38151219,0.3624952343895567
8426,-0.898258258,-0.6491088178042145
8141,-0.612182394,-0.8324309538363042
4962,-0.061185069,-0.09818828821383313
4148,-0.499939517,-0.6543743194744226
3977,-0.523229877,-0.08903816718245805
10571,1.279696205,1.1231662078102786
4379,-0.71142544,-0.9443751821479001
2575,-0.538295868,-0.871885975732249
6721,-0.705636765,-0.3797225516382487
5748,-0.755374274,-0.760742767102505
7889,0.2930541,0.21261235822747102
8315,-0.250877803,-0.0201370692069901
7442,-0.374345935,-0.34699549100006827
2398,-0.264753023,-0.2025728241803168
7363,-0.71511139,-0.8816955390715988
8558,-0.303342983,-0.3315140536139142
8777,1.083231945,1.4258941628656674
5504,-0.542554177,-0.687639318866631
3465,-0.528511606,-0.9295292376627793
7993,0.324765023,0.5971718217608574
5309,-0.311301089,-0.6049233398929298
1385,-1.094180494,-1.0043927198780525
6765,-1.176503485,-1.0524186077284958
1849,-0.842089063,-0.7139307544384945
6802,2.202989195,1.4978524392126915
3712,0.467357695,0.5516604700845419
3298,0.877375698,0.5313705448212123
1333,-0.793096191,-0.3458783499450144
2974,-0.975967575,-0.7025587583475834
8350,-0.284311205,-0.7364789511151815
4070,-0.671305112,-0.49970322850985815
980,0.648132442,0.8838724895952497
924,0.51367664,0.8721906286774528
7094,-0.565172345,-0.3626312280779238
10225,-0.60183717,-0.32442062834597374
9236,-6.588208575,-6.427291809345728
2746,-0.89155691,-0.8191603295249658
334,-0.381685238,-0.08914931797467462
2339,-0.813875212,-1.0119715538420342
9238,-6.060446235,-6.311954799000242
860,0.152867568,0.21374447425538992
138,0.536338145,0.7803933102109009
8429,-0.501668121,-0.6615693455479004
768,-0.244508706,-0.4325988233363302
7398,-1.39887261,-1.2844667596259145
5362,0.866348284,0.8849132898661405
2615,-0.534697298,-0.3341951513845758
5398,0.206281882,-0.3615467712770155
9652,-0.576892915,-0.5190343620549428
10229,-0.188549935,-0.43432987425681163
798,-0.297591585,-0.28909607216086164
2902,-0.46255992,-0.6335097984716276
9291,-1.264240835,-1.1632908983537298
9511,1.5587446,1.252804199891622
5337,0.524152751,0.28369447396863756
5014,0.220340235,0.24332295613549787
9125,-1.505012995,-1.4856907382704174
8400,-0.393893353,-0.3237338226972259
3020,0.431326285,0.7914048099216487
1754,-0.672040364,-0.5186795841425058
5327,0.048417215,0.11375791692461783
274,-0.238594448,-0.5330470433143852
5627,-0.22643817,0.0593052770858416
6886,-1.147508555,-1.5903873182005337
5935,1.247253236,1.3797772569132671
10681,-0.834002005,-0.8053969227001664
3382,-0.346464591,-0.2826923818103355
1038,0.847212559,0.9145481045679916
4758,-0.184818903,-0.38444559243883814
659,-0.796112301,-0.8394204245771827
7117,-0.803595135,-0.913140918959464
9019,-2.015860915,-1.816097567888083
3853,-0.788627266,-1.1207743110407355
1101,0.061650928,-0.8072256854581067
8869,0.464978425,0.05514420071989451
5893,-0.31189144,-0.7679774776721828
8791,1.028858935,0.9016886133002211
2093,-0.878578305,-1.2202282403342308
5749,0.588923872,0.29600385740086077
1396,0.739694803,0.33555691614109107
2391,-0.264709485,-0.543562743057723
713,-0.676249965,-0.5565091306943788
7550,-0.232377949,-0.12974613710487454
4895,-0.05740704,-0.0603604825951149
6583,-0.651112775,-1.1141480579557241
4867,-0.27630997,-0.28720915241270256
1561,0.098215544,-0.12594795974434703
6305,-0.759476775,-0.46593943330003496
7382,0.133723413,0.03992026210401722
403,-0.858848691,-0.8447545128705775
2387,-0.83026218,-1.1075321232804913
3805,-1.221197383,-1.067113043730671
8959,-0.635050365,-0.7250136073489837
7693,0.082687916,0.03464887412061886
4552,-0.918433322,-0.6565860166983097
657,-0.517359973,-0.524597499133001
2372,-0.020800654,0.027204813755836308
9095,-0.237309455,-0.19065597387093175
6046,0.47509947,0.47569252342674323
8553,0.118177407,0.12044546111823998
9985,-0.851122415,-0.9689402865277452
1434,-0.507282373,-0.5574188871359235
9010,-1.507347145,-1.404820968785938
2926,0.392210329,0.3573416160634126
993,-0.34062462,-0.5452198943993396
3100,0.161921204,-0.050146566396204656
7748,-0.126653345,0.0922924636802892
943,1.347140239,1.317387479866185
4232,1.022464892,0.8392076000584802
623,-0.879554513,-0.4759284991535067
8582,0.313624941,-0.17212697595475945
7079,-0.364383685,-0.41132689783694754
2224,-0.538785809,-0.7335977204964277
3449,0.001229002,-0.12285569768889282
6934,0.403341826,0.6670310179211953
1763,-0.112871732,-0.5934614755691505
6156,1.00408986,0.9565285522750628
10171,-0.477422369,-0.20443360674183242
9947,0.449754955,0.26554350653517667
1509,-0.447340593,-0.004081568683421466
4845,0.787258397,0.9465510955892271
1292,-0.499517877,-0.501339150461968
2917,0.181090263,0.38168670442737196
4131,-0.698105468,-0.6974190871569488
5069,-0.220568539,-0.13381343706438242
572,-0.188891359,-0.09081314687075122
5922,0.301322674,0.49455980435503266
8779,-2.636827495,-2.6882761751164717
10772,-0.501498415,-0.2379019599458863
522,0.439329561,0.24054243331624597
2713,-0.540045696,-0.9598375484405823
2982,0.694806632,0.9145542628339407
4156,-0.376304187,-0.2183431818983079
905,0.386011032,0.39994199644684464
4259,-0.151525373,-0.4178562264615622
4571,0.051979866,-0.03777466572823035
8811,-0.871468115,-0.7722329730385292
8389,-0.848974632,-1.2249951474885057
10822,0.021676265,-0.4504124416350954
378,0.685674628,1.3426155079653017
9591,1.055185175,0.9616495030231926
317,-0.730984575,-0.8240646019780369
3949,-1.32006981,-1.7037790308659357
2739,0.939935077,1.1961278699656672
6587,-0.583672885,-0.6616837600541334
10618,0.222127405,0.6065424244370905
3227,1.177537534,1.5524232055890002
3248,0.904889536,0.9735884537378021
9693,-1.004390615,-1.0727583826297502
6928,-1.018176105,-1.0383593444740604
6885,-1.146492075,-1.3909525196728032
1551,-0.250679296,-0.31178142105308976
9309,-2.495407209,-2.185690389562081
62,-0.070312447,-0.40221293920180845
6496,1.352422649,1.6516023192976617
9306,0.114835865,0.3638842767038913
10489,-1.612118085,-1.8442522586671974
2079,-0.111492251,-0.24654903045542348
7503,-0.550842901,-0.5208950064700696
3292,0.732909916,1.1159995318264564
6823,-0.687501785,-0.5203604994789555
5073,-0.715812324,-1.1824244441523728
8119,0.06621598,0.06937969352230768
7037,-0.698938953,-0.9786503259545961
330,0.563019995,0.5593459631459257
1326,-0.834081706,-1.1158823241456264
5897,0.343485353,0.6679395788899223
7985,0.646193115,0.3939615480304125
10817,-0.666888215,-0.6062658631516061
9074,-0.789429145,-0.17307467817857214
6460,-0.248249727,-0.3624787481585413
3538,0.520760444,0.506051641748589
1442,-1.005359952,-0.9510534843888879
179,-0.209180438,0.6068703119768857
2286,1.098009271,1.3330264237847786
10695,-0.650557005,-0.973643367263384
5496,0.067386679,0.02882279102441295
889,0.868913774,1.2015248481748724
4058,-0.478315583,-0.18971942627844768
3088,0.12845229,-0.45687826921158736
4384,-1.02435513,-1.2065968162860923
9859,-0.33159289,0.28463484243079257
8407,0.160513559,-0.35127416946722057
5223,0.184293179,-0.09434444543573758
10445,0.470022506,0.52921652968708
9768,-0.35344766,-0.14247151157121582
5949,0.526423405,0.07799656106510672
3448,0.027576969,-0.08873300592256833
989,-0.278921719,-0.2708559673016408
1843,-0.64204335,-0.6141898796576656
10238,-0.524442105,-0.9761664451692499
1182,-0.690749006,-0.4152540241993061
5497,-0.147191409,-0.3426939456469247
1831,0.479448822,0.5494136613790505
4772,0.834040888,1.027717201652258
2920,-0.743892431,-0.9595421472826191
9590,-0.204513705,0.058468058952653834
774,-0.705103964,-0.518560975334841
6361,-1.547093345,-1.2096603290042562
9658,-0.414500565,-0.02305013600420114
10035,-1.127135505,-1.2757000344014207
5527,-0.301219815,-0.29730680268691434
4186,-0.050822702,0.6539000340102272
10057,2.219406725,1.7148160898043767
1594,-0.644105837,-1.3529855676625515
10085,0.002362395,0.0550645087475338
2058,-1.410498425,-1.3317300262994225
355,0.964863834,0.6641050246086573
7822,0.072260581,-0.07599642592007382
6339,0.601797325,0.5882604579027846
10235,2.294370505,2.338294792552781
4967,-0.417507936,-0.08173446073077123
6380,-1.240961175,-0.6236178218706714
3172,0.326092517,-0.06904705898397545
7170,2.266594585,2.1214969937687296
6394,-5.914683065,-6.18552574308884
8991,-7.647534165,-7.379981991121556
3079,0.799940671,0.7253820855776651
1920,-0.725777105,-1.3195670481127362
2479,-0.121320322,0.08655526490948333
1560,-0.338296686,-0.34470687430453084
6830,-0.861352695,-0.7286576345506545
10612,0.561474661,0.9764153550334457
9397,-1.264132845,-1.4066704285333809
9899,-0.212482812,0.07150268049913103
6931,0.736862645,0.9928122369239575
6500,-1.340967065,-0.9727849183756212
3870,-0.532538211,-0.9496047885460388
6612,0.090029485,-0.277824322343805
3222,1.152632179,1.5637930221990142
4847,-0.353206212,-0.5120463010521025
6910,0.576119963,-0.05683150918769242
5580,-0.415680556,0.15439997129328942
7400,-0.39837216,-0.587415009042704
5805,-0.220258465,-0.17923447078023078
7998,0.061076702,0.5569506173691265
7392,-0.334776976,-0.7271099455442982
2682,-0.420218734,-0.5190530699041274
10506,-0.707156625,-0.8246578078512097
1375,-0.48202191,-0.5448190131455598
5227,0.62137576,0.7461268108858182
3441,0.295725701,0.11148893149750516
4029,-0.506966993,-0.26632845541456424
728,0.337612728,0.17568482390719153
228,0.36910664,0.15451552722200954
8448,-0.311965415,-0.5479370424673551
2664,-0.229834695,-0.0908728073702631
10639,0.059134115,0.050743290653905315
9669,-0.733025635,-0.6523928982554075
1435,-0.252373748,-0.16759976285351014
5084,-0.295523384,-0.008634883372596158
1664,-0.182255454,0.20684290996833274
1622,0.294965687,0.570734367372561
1060,0.665954674,0.8974642871945033
6091,0.079099683,0.10715673193158291
4399,-1.03427368,-0.7514371257579775
2508,-0.668293356,-1.0736156658624063
7336,0.398896455,0.38792244303694623
3780,1.285541285,1.2404451469184385
704,-0.22712036,-0.6941091120571711
1400,-0.754445142,-1.068518436804582
1769,-0.964920026,-0.7994744131878597
9525,-0.924033325,-1.1698493741496372
4612,-0.722673946,-0.29009044425943303
8856,-0.295043595,-0.2326854446798758
8657,-1.376780235,-0.882416953264898
7412,-0.60012492,-0.6682076598413773
8716,1.605888915,1.7991820650324601
39,0.313697459,0.37275582976073707
4524,0.407530746,0.7615691981224583
10283,0.055533245,0.1255187573263616
6215,-2.210065625,-2.702479659680629
5148,-0.325144744,-0.10116133461935284
3922,0.006370049,-0.09755790280206988
288,-0.488702032,-0.40440447167949023
5930,-0.623571855,-0.913582422210798
894,0.609628334,1.0242760313112582
1993,-0.667340405,-0.45484925083968086
7687,0.32012506,0.4830347437868957
1922,-1.296709155,-1.618532062721942
832,1.353338176,1.0520959459743797
121,-0.482868592,-0.7556848284384217
7592,1.10394285,0.8772931850598151
5679,-0.327171856,-0.4767620247365354
890,0.983156007,1.2293006613592092
1243,-0.28564225,-0.59006926920786
10479,-0.0154694,0.10251914144994423
5794,0.236667066,0.1512159846773396
5844,0.361628951,0.5779280368716907
3107,0.526165169,0.6978822623527027
8948,-0.621631655,-0.5218035114088968
8421,-1.261291997,-0.9781773452731868
10510,-1.073115555,-1.3617579234571153
8121,0.121173862,-0.23289565826011102
1095,0.211744567,0.1875295929674253
9807,-0.923420965,-0.6304689882810507
4799,0.02757384,0.24932798841047035
3881,0.175672613,0.22833348187357938
4280,0.81704357,1.4450029496629835
8438,0.018884836,0.011646102863507977
9739,-0.23724076,-0.11541255434539988
8539,-0.358588623,-0.16474972019274853
7676,0.095781486,0.03142018664461092
9439,-2.617915721,-2.6491184893174085
3232,1.234518444,0.9132627183946684
4485,-0.21219029,-0.6906170774489997
2616,0.337849195,0.11759705536645126
2459,-0.523001165,-0.38140048372421775
1898,-0.725661045,-0.5573852106176284
4378,-0.911505304,-0.8229213218137394
10013,0.527357575,0.3875722815783848
702,-0.398094791,-0.6093978981628277
1184,-0.512898939,-0.8097873799711013
1932,-0.584678625,-0.724271762034016
6531,-0.147231954,-0.009219256841860146
343,0.010456655,-0.1416262976113389
4421,-0.519661648,-0.8454780226354258
4827,-0.411627692,-0.17222932711632913
3049,1.184340244,1.5435143210935682
53,-0.692362097,-0.5088592103477396
912,0.353806087,0.4286211921132266
5220,0.566336382,1.1017688937555286
9393,-1.263264005,-1.2726424292462737
4267,-0.448717897,-1.0473774311355215
205,-0.556362458,-0.8377099699745367
5165,0.152166195,0.44425286982835405
1979,-0.671849045,-0.5497333588626394
2626,-0.904256463,-0.4832454719624428
1617,-0.678222654,-0.9037599690285554
475,-0.599791418,-0.6745022298669135
1035,-0.493903488,-0.02170745901299015
4738,-0.621623112,-1.0311296506279906
4080,-0.500469867,-0.31037155956778234
10441,-0.876520295,-1.0390065239927562
7293,0.35117619,0.0576997085818568
8,-0.958528208,-1.0993705237804856
9539,-0.515187205,-0.6056611473373316
7144,-0.725250405,-0.6323323712591994
417,-0.954720111,-0.9200177207121424
6845,-0.558655455,-0.42751742108068447
3687,0.370696601,0.45012919429339393
3004,-0.424950096,-0.25798415863987256
6581,-1.755194225,-1.6816826257053783
9045,-0.908415995,-1.353747715458028
7931,0.341245463,0.7450259653514946
3760,-0.372653371,-0.27602867776990436
7729,-0.273631009,-0.22368307086546263
2271,-0.761407038,-0.9075756072340657
5469,-0.085207823,-0.04778219310081965
7259,0.497682775,1.233393748860617
8178,-0.373621824,-0.14651220448380675
2057,-1.627648925,-1.3653321707861816
7322,-0.754150475,-0.8907905918749222
9482,-1.506822175,-1.9295103990376117
6896,-1.161765565,-1.377829171302037
2654,0.778972667,0.5816223008443588
8870,0.532218145,0.8496063591516377
6321,-0.712669555,-0.7149762537164108
2096,-0.352260971,-0.1511167858276362
6628,-0.852579395,-1.0298849317200296
7212,0.461260355,0.07397768915203279
9731,-0.645657365,-0.2986828695217281
10715,0.151851087,-0.30367362264860476
9933,-0.704008855,-0.9207130763845088
3845,0.350978824,0.5994477310553868
5532,0.67910199,1.0737544772820313
10081,-0.159456995,-0.5517497693280321
4584,0.712932135,0.656453734474108
651,-0.250579294,0.08739021486432719
5237,-0.90637555,-0.5456025984324318
5114,-0.729951087,-0.7702051502030773
1547,-0.464302537,-0.37376496705416024
8255,0.063126128,0.4913247234784308
10778,-0.765879075,-0.648895395184969
715,0.262299917,0.5932904816049565
5535,-0.431626427,0.3186437223802845
7549,-0.303018725,0.20090548966645877
9155,-0.212537915,-0.35139480071431395
8279,-0.71491979,-0.37423361435255725
9948,0.499364035,0.4399419459551919
3224,0.750482348,0.8356076550984504
5495,-0.102533311,-0.4852381089987195
10599,-0.260528125,-0.15287370319632437
5544,-0.313595144,-0.42316743724695394
2514,-0.354978625,-0.39261490300087004
8786,2.224339115,2.4131473050286676
6099,0.634267135,0.4188476999145207
3921,-0.493412323,-0.42614189963941246
7575,-0.839167513,-1.2589359907673894
1448,-1.09357885,-0.7220939285699094
9093,-1.498119865,-1.113748268943106
9527,-0.924033325,-0.7915051301051562
9782,-0.924485615,-1.2574106533664824
8434,0.118722996,0.032277917273245124
401,1.180151596,1.0003390891138682
3267,1.063487005,0.9500846352945349
8006,-0.259777558,-0.22926059545846908
10680,-0.833337175,-1.0830801615170167
718,1.177979855,1.0688961913358432
3916,-1.106465073,-1.1326956716331544
853,-0.935110907,-0.5784059476677345
6519,0.267177925,0.3689846688268661
6159,-0.027193155,-0.4965797932007413
7831,0.19928632,0.42266223954193893
10123,-0.480513765,-0.962806158156959
5160,0.806090852,0.8879940672483156
7253,-0.116732347,0.1733097842751633
5976,0.826320203,1.322313094153559
2795,0.813490579,0.5589619887427556
9244,-6.627332935,-6.717240983779867
3838,-1.078655039,-1.3690687665530736
9344,-0.887442685,-0.8781236570803206
7787,-3.053471763,-3.244814370857981
5056,-0.113937194,0.09886856033659515
186,-0.608362052,-0.4663907646279366
5919,0.172503303,-0.15721012246646182
6393,-5.924835765,-6.124231094250619
2010,-0.674356445,-1.1566244043106924
5623,0.079700783,0.22269609524016723
8638,-0.964691625,-0.8119030279073977
7251,1.287590485,1.066481676654191
8538,0.39593203,0.49555646842504314
4892,-0.492896939,-0.6637318713476331
8161,0.475827531,0.7391753403717378
9796,0.024106362,0.008653603873821613
9097,0.466898375,0.09804049963478417
9460,-0.761622485,-0.6472490884513703
9414,0.865331296,0.4980151139926137
10488,-1.158542835,-1.4542627450282424
5783,-0.615506673,0.0139597693640241
4764,-0.052729539,-0.35105809553993766
7064,-0.915184825,-0.84431773112073
4229,0.977610055,0.9801768792473049
5297,0.373002493,0.6006498178490828
6868,-0.943548315,-1.1015148549410105
5694,0.290438529,0.8037471717572363
4999,0.086461043,-0.16795863640915254
10032,-0.243950873,-0.09264135328447709
10789,-0.696489975,-0.8330561492648116
891,0.586855263,0.7390374723321893
7534,-1.271581493,-1.4302810172609381
5915,0.35772371,0.08966918224421594
340,0.526706267,0.28004014833007057
2384,0.862815294,0.872654392623476
7678,-0.176322692,-0.38670956323746497
9395,-1.823311509,-1.6127645968369968
9138,-0.628303655,-0.8116039922268887
6237,1.433577155,1.449335065464595
10818,-0.049749865,-0.051010439617346824
10796,0.650127989,0.07900016730662196
3135,0.03578297,0.16868360913421254
8670,-1.105467075,-0.7691861212781262
9696,-1.409087465,-1.3719154200436787
282,-0.973677874,-0.49787282915639447
1335,-0.336344133,-0.43746992433541176
10185,-0.233366053,0.6408667117305085
5538,-0.159471227,-0.5292005987492001
7161,0.386408726,0.3692276027533693
1510,1.473571812,1.1310650777599487
126,-0.774350541,-1.0715114385392064
5006,-0.213357114,0.10118768131517772
2551,-0.442308936,-1.0062862515417135
5209,0.047948635,0.06664803988573689
2119,-0.325535091,-0.3828434197800507
5753,-0.422001352,-0.8287924554579891
9064,-0.957246545,-0.820339753060191
8053,-0.109376838,-0.25612369055526485
8369,-0.842054641,-0.771241721852689
4608,0.460167087,0.6660731535043599
7992,0.62527409,1.11696224827995
4234,0.938346205,0.469435913028624
7847,0.79904392,0.819955200828784
5552,0.475030217,0.4232414767127496
6014,-1.067770585,-0.9240696419821725
6301,-1.809187855,-2.2414823453574755
2630,-0.437031152,-0.34805848845777143
9495,-1.264284265,-1.6271148636877175
7294,1.030696516,1.0673694173641197
3626,1.050704185,0.8004072713525254
3945,-0.63549738,-0.36145526039477804
8236,0.514203611,0.7884267602672101
5321,0.9403442,0.5808265625143865
199,-0.776892356,-1.1197834453491868
464,1.017238945,0.983540530092751
8556,-0.300229729,-0.40596584849132256
4283,0.804148775,1.0960792433045217
9222,0.126832674,0.40851982747045545
6401,-0.584672774,-0.8288759747874667
7320,-0.122908792,0.06768996656486186
2132,-0.877052018,-0.675193647209954
1337,-0.952783068,-1.0435239739464386
1868,-0.230977301,-0.5582672300645595
4243,0.885368361,1.094975005055113
9831,-0.602081256,-0.846486951971301
2950,-0.228277252,0.13352110296404476
5964,0.053931602,0.46435540714658036
7898,0.426461861,0.024424392303564302
7707,-0.377496266,-0.39183604111543696
3685,0.252571031,-0.002589552624113145
3783,-0.734239601,-1.0859097270309919
7685,-0.750986303,-0.4803048830169642
2218,-0.366957225,0.2629593117499546
105,1.187916636,1.3091318930443614
7269,-0.049097502,-0.29937890492038965
613,-0.841365377,-1.179012091189513
8622,-0.699942685,-0.7850547035094195
9577,-0.239526385,-0.013569400080235383
9550,-2.028397685,-1.9201709586008493
1945,-0.148845965,-0.2597290658130902
6029,-1.067240755,-1.2433753361860442
8221,1.263772587,1.553859580603445
4900,-0.50004224,-0.6176052696160599
2810,-0.515256941,-0.5502867157385739
7618,-0.106812101,-0.5007026599841818
1549,-0.268853371,0.09922659616529228
3380,-0.365431878,0.2840849423419807
8999,-2.483576095,-2.2432215658035455
1357,-0.693316401,-0.575775199379236
4185,-0.780744944,-0.6729022047358624
5742,0.859832654,0.8659578041638755
8878,0.463695065,0.6336573611244969
9557,-0.126856215,0.09332892850927152
9259,-1.286243555,-1.3617091250552409
5801,-0.540946937,-0.6124170395166852
629,0.494594113,0.8228515685412845
5141,-0.922380333,-0.761456163032597
1414,-0.933708024,-1.126763493114043
6284,-0.763093415,-0.9413566767145001
9189,0.121587065,0.6046749591448612
672,0.471542806,0.3687365277758954
5933,0.877533932,0.18332071219996837
9389,-0.273713445,-0.03120558010028751
9464,-0.771995195,-0.6109529542325289
5727,-0.505708875,-0.5748847945570839
9051,1.620641465,1.282051110686238
2569,-0.005198871,-0.07558504198722413
9415,-2.52073713,-2.7885691221828455
144,-0.936564403,-0.8585995647254729
4688,0.890938668,0.45785738934907055
2004,-1.638103335,-2.206187735086136
6727,-1.196639215,-1.2636809665710818
1050,-0.677455837,-0.8651246474528589
6738,-0.910120525,-0.02949866308345961
3788,-0.841322655,-0.7870038321686753
8474,-0.29417057,-0.1507283973332575
9348,-0.779895265,-0.597123615733074
4312,-0.561029754,-0.4126180578674903
1512,0.27803177,0.06298507381915855
5833,-0.102202692,0.14396335886636907
558,0.329679929,0.44801557171348905
1045,-0.210139504,0.0549584772460017
2525,-0.845586815,-0.7007804488372362
2330,0.959800068,0.8716099837007453
3446,-0.575468795,-0.6089214431428831
1230,0.69347722,0.52622968449765
1707,0.627759687,1.1977242674685646
10083,-0.266433462,0.20362295016413584
10259,-0.200455653,-0.21031799854573024
3064,-0.075911189,-0.5302522817542301
5175,-0.675602878,-0.13517384822005363
4662,0.569666648,0.3999937376378029
6507,0.199483785,0.3469076119066581
7805,-0.406938712,-0.5735245427803108
2822,0.709158596,0.6944894409577683
1818,0.785886807,0.7225477353516917
8873,1.255818285,1.1656159768668952
4961,-0.618865782,-0.9278093365625535
9538,-0.515796235,-0.902646255917194
8086,-0.579740166,-1.1751465484337729
6269,-0.227728785,-0.07953557033830655
9728,0.443203869,0.3044439791059863
8088,-0.378579058,-0.24647285983662595
368,0.800973887,0.8302767165646495
564,-0.415653208,-0.05528903135081653
10254,0.968743905,0.9834723243917014
4000,-0.360918326,-0.6199664074894802
9268,1.382086247,1.9182582363814005
1463,0.061932157,-0.19322397926279006
3660,-0.324891134,-0.43290291462709485
2477,-0.835027709,-0.3990495100036897
7666,0.37995359,0.0710447181100819
1716,0.038015528,0.13760962717070435
7099,-0.277715165,-0.699841323435205
8028,-0.173231479,-0.6607678566647575
1883,-0.762502255,-0.9402415327458683
888,-1.06277189,-0.8855754407923073
8210,0.180325623,0.36720883212399247
10402,-0.712390115,-0.3528795441879622
10549,-0.265631985,-0.051880652372351815
6857,-1.043747425,-1.1315530626925832
6316,-1.380558185,-0.6831485107029747
3417,-0.219877506,-0.15753675379400597
2275,-0.979766557,-1.3055140956655555
7797,-0.011800013,-0.10774789636662686
3804,-0.768699145,-1.0365353996475652
19,0.073911017,-0.34978009340058747
2904,-0.246768884,-0.7019209930015037
7761,-3.1071186,-2.8931387247610374
582,0.695777942,0.8856125018318854
7940,-0.136606589,-0.7282332969931454
983,-0.902442416,-0.9167558228425939
8752,-0.577690335,-0.39196538418359694
5861,-0.280624879,0.08778418388244053
10570,0.568129695,0.013696661283439049
1395,-0.668419889,-0.6130157972405276
10237,-0.252047305,-0.3075103318735797
7737,0.505598669,0.6615599744305733
9596,0.134362025,-0.1574863427748871
7705,0.49225967,0.4023508530007057
3488,0.695873318,0.41850408368657
2572,-0.172468064,-0.2623710584020361
5908,-0.22658484,0.27481943263124287
4123,-0.631438666,-0.5691576605798122
7353,-3.237106706,-2.8834469248889185
8442,-0.605367575,-0.6763287900105606
3966,-1.023026262,-0.9296932646570414
10679,0.093979515,0.3354362964540239
8417,0.214188558,0.24206925380489336
2653,-0.576331804,-0.2671576283127828
7429,-0.576322645,-1.0434079710119433
10608,-0.997695025,-0.657303115053683
9099,-0.034892215,-0.18485352535150967
8529,-0.263299935,-0.39702717293905465
9435,-2.380540129,-2.8065032782812787
8117,0.087490862,0.18918363010047845
8147,-0.346079414,0.15331313258988255
2635,1.342495664,1.6639586096704657
7418,-1.344217251,-1.3501927698899192
2283,-0.468678943,-0.7630286023419045
8571,-0.48328411,-0.3598768206545683
4686,0.198128127,-0.040712913955948615
8663,-1.252047385,-0.7528515010575701
8106,0.156942071,0.14544492029078823
8676,-0.689115165,-0.6268685256443455
5670,-0.77957295,-0.03034841207404393
1367,1.175011501,0.8950311132780411
7112,-0.505671035,-0.11144854054261871
3750,-0.40598065,-0.5817589519953266
5584,0.183278194,0.5335311408959338
5226,-0.151363595,-0.280017972681822
5791,0.285012035,-0.46695943616101493
6038,-0.339244867,-0.09317514750820477
8708,0.604972345,1.0294245438476664
1907,-1.293849245,-1.6318794856729417
1198,-0.274953891,-0.20777965078060157
8381,-0.750579084,-0.6586748238203932
6143,1.030386261,1.2353836144548276
1148,-0.205944733,0.2724067859674916
4296,0.717766645,0.40123983454699147
3852,-0.693090682,-0.30427176346558116
7101,1.934307235,1.896085173283012
441,-0.693207419,-0.703015843428228
5886,-0.94854612,-1.1697600910493877
961,1.405709206,1.8044549650397295
6568,-0.583672895,-0.5181561987367477
5266,-0.377417404,-0.04978536880527218
203,-0.211392452,0.10474816361047085
2913,-0.738560632,-0.5111840770229141
6082,-0.114883878,0.2515046057055444
10711,0.674909124,1.3097127410492986
5757,-0.665759976,-0.7651893873844509
2130,-1.025804409,-0.8942616873570819
4408,-0.146236018,0.016036537568296982
10396,0.632617345,0.4915406301200928
1155,-0.284559373,0.018385753802790228
1771,-0.313350242,0.19516507012922585
9096,-0.568988175,-0.9478476011184533
8712,-0.855127025,-1.2054866171875132
4405,0.047613255,0.3016778861654742
6819,-0.778405935,-0.9414880038279158
10205,0.250071665,0.6090598012481727
2633,0.303355228,0.39674783003286546
2136,-0.05232545,-0.021768561421403994
4512,0.184468556,0.007734916165661937
9867,0.548626397,0.5835788127427612
5672,-0.696188154,-0.8885224320673935
8242,-0.15092209,-0.20308423609437593
9981,-0.958428215,-1.109544916048836
4912,-0.811387547,-0.5632529184302697
1391,-0.659431017,-0.8627456279256318
10672,-0.850866235,-1.1127017210582928
5062,-0.174181565,-0.274754789560408
8516,-0.247368759,-0.5255806607087801
4200,-0.953321718,-0.8802245508891857
4812,-0.069288483,0.12854688933408348
8499,-0.219595868,0.09965534270231316
284,-0.125651286,0.51425872639688
3047,0.801016201,0.7001397793956785
3989,-0.998508397,-1.2308928880055747
8340,-0.7747315,-0.7485140713239635
6729,-0.909614785,-0.37443800643946934
2770,0.67630017,0.6145423407358979
10241,-0.501355054,-0.6952277512439784
3115,0.044028835,0.11947091768215362
4832,-0.590736422,-0.4143796555586795
7474,-1.157245597,-1.1858479243590048
10183,1.011840071,1.1974981700433907
5401,-1.010037861,-1.1292348367654086
9980,-1.014386405,-1.1481249991480451
10513,-0.313096935,-0.7367196168946891
9240,-6.058495465,-5.8239127043644245
9295,-1.264678505,-1.5631354107402624
261,1.100927148,1.08306954118146
6455,-0.808539355,-1.1098265240482759
6916,-1.019667535,-1.3461909057018537
6000,-0.312755129,-0.6469795364699262
3900,-1.067875657,-1.2347112810282344
7727,-0.985095634,-1.4698495752900496
7754,-0.893312589,-0.8770970901461997
9286,-0.890081195,-0.7615753208685654
4125,-0.88251103,-1.2111668466536687
8266,-0.444969801,-0.19402455961051768
7480,-0.438248725,-0.5058967520003909
2402,-0.735187645,-0.8991916703761796
3242,0.797517361,0.2969375833365415
5540,-0.169523112,0.33723356809550364
9112,-0.038877835,0.279772399276598
2340,-0.898717858,-0.6890693319392396
8310,-0.880054658,-1.150850965996346
2942,-0.652150883,-0.4600069444397529
6222,3.194951005,3.168825587157055
6315,-0.141219599,0.0736824251621232
5468,-0.23899704,-0.33699901425271317
8394,-0.59127167,-0.8424859069047401
850,-0.862350524,-1.0492926819274293
4593,0.299785503,-0.3516859184281342
4045,-1.04091938,-1.165449466689011
8024,0.085192856,-0.8563615438702118
10782,0.208799605,-0.013549195590448787
656,-0.228519025,-0.22434023742611614
7391,-1.423017612,-1.3996153864563428
900,-0.433714084,-0.3231120913381297
1806,0.798342818,0.878480813303445
10647,-0.615731983,-0.5151838130394646
1761,0.397698185,0.6203364323215677
7110,0.226162945,-0.0676271240847906
10100,-0.829722725,-0.40802844574761093
7317,-0.393779627,-0.020751143569122554
1140,-0.759210399,-0.8484794500079975
83,-0.784971416,-0.9404524814820941
5384,-0.134440427,0.11824877110417079
2989,0.705763024,1.4292660266735262
3413,0.556937843,0.30731945154504303
8355,-0.85670593,-0.5699947386658398
6432,-0.272367705,-0.7168419364654104
7062,-1.099730905,-1.3131218730848437
6079,-0.251858229,0.1491389783276949
9266,-1.413744517,-1.4878200152468364
10756,-0.700229625,-0.7437397324585266
6522,1.406022585,1.2954367752642901
3532,-0.622205571,-0.6532349382870851
6806,-1.175825175,-1.4489224775784852
9352,0.099479815,-0.2026786812580935
1444,-0.347090181,-0.22718379547420753
10689,0.430103405,0.27846924210394186
2522,-0.783166621,-0.6729221213577087
6129,-1.072726485,-1.5092428665271655
2901,-0.882277692,-1.009548592019413
4676,-0.827840911,-0.6200102014453419
1670,1.006962294,0.9352826642490918
4579,0.752876678,1.0023617138541212
2294,-0.604386333,-0.8535196549669696
5601,0.074299323,0.04322326697826582
6943,-0.999501305,-0.7114097545739997
3903,-0.168524454,-0.45129185573756286
5807,-0.177501898,-0.2858046649757709
6924,-1.105824575,-1.7155307042895154
1328,1.68660892,1.3237004971476678
808,-0.296998105,0.07972873267205621
9799,1.064060675,0.7091350204250704
2962,-0.500515718,-0.6592090304192046
6015,-1.067540205,-1.3259330789091324
2691,0.136378966,0.0631548238977396
3128,0.055385915,0.0771900722988024
3634,0.880476163,1.0069399880609684
7626,0.806491811,1.1370131695358627
6280,-0.643986405,-0.6099495929830343
6150,-0.049987176,0.5176703522499203
3389,-0.042319824,-0.0006017044039747024
336,-0.085317348,-0.33296650703775343
3594,-0.207445849,0.17032412293603968
8666,-1.104271355,-1.3988772041632715
2120,-0.387233095,0.33655153148387473
2334,0.95547509,1.2225900390559359
1319,-0.692618292,-0.7487096828956338
1489,-1.01524163,-0.6364663989718453
4466,-0.41314772,-0.15812392027473404
4569,0.688135489,0.6923802684897274
7238,-0.716506215,-0.9964380381561327
10468,-0.796182975,-0.42904488824605047
6447,0.094914835,-0.043465280149492164
5518,-0.381480472,-0.7533491578240719
1022,-0.989298568,-0.9966049456782949
1851,-0.301816561,0.23077670678285356
5865,0.710943663,0.5309972448248815
2474,-0.537048634,-0.4459030553185373
1366,-0.728392418,-0.7365837798529795
496,-0.578844911,-0.890018757297937
5852,-0.361580107,-0.1778804427992464
2958,-1.026024005,-0.6853379608451168
4173,1.032559635,0.7426857390740238
7057,2.200652135,2.192436838878877
5649,0.750678542,1.0322705488036834
4181,0.357846025,0.20508201622025965
5631,-0.226542254,0.032905077547303374
6817,0.536949205,0.0926054876134853
9680,-0.799665145,-0.9189297539637333
7995,0.305262011,0.9682187107245392
8096,-0.245557841,0.10049301393446314
10839,-0.495866995,-0.6742163117280167
2046,-1.603759925,-1.603697805524541
3187,-0.568323494,-0.3002141871832668
2464,-0.661540035,-0.4007932156832181
182,-0.663456805,-0.9847245544183337
4595,-0.261981136,-0.21455436840304468
4105,-1.29874316,-1.225806122446132
9170,-1.470015035,-1.7996188470303156
7493,-0.752950012,-0.7524150996686173
4755,-0.85028935,-0.7617979132873536
4120,-0.559912047,-0.7422059506120418
811,-0.60498131,-0.7369006274822525
6642,-1.754644205,-2.0106928490184024
8688,-0.824833535,-0.21367034308449273
8181,-0.572312274,-0.4831642668575335
3905,0.035176428,-0.061432018347617516
6556,-0.305548466,-0.337990163117425
10459,-0.808794875,-0.30550724235315974
2105,0.302502968,0.795304853976789
367,-0.079874391,-0.07609667076546155
3300,0.530727429,0.6322932918857743
10595,-1.344225715,-1.19419186611374
10135,-0.259242285,-0.4019026190206064
7025,2.210890315,2.3307311267806554
7388,-3.038667001,-2.9069219608898744
6902,-1.176503475,-1.0497729831295681
9637,0.105840995,0.5549050771552568
4246,0.482755392,0.5320438216111707
6468,-0.394578195,-0.23537325809698567
127,-0.575377093,-0.7452664118808315
9214,1.175760805,0.9905750929363337
3431,-0.329481694,0.07438603286082446
7146,-0.498948575,-0.32205680559278
873,-0.183433979,-0.40271299098257574
8492,-0.481064885,-0.5150124333368252
5276,0.274036187,-0.16711067836937515
9071,0.992276635,0.8360874530313103
9311,-0.824523345,-1.110435484009455
8621,1.122871915,1.3307164780902767
456,1.178544491,1.1464353830136327
10011,-1.026794575,-0.7713715939712038
4391,0.106268073,0.3522456487905703
9197,-1.472862415,-1.0486292978179654
6538,-0.414381348,-0.5693656076280323
6865,-1.105272695,-0.7960747525275322
9307,0.115332385,0.2271850595967475
3569,0.107619391,0.37882465742839433
2317,-0.253171042,-0.43834699796407695
1805,-0.270169449,-0.7454102319016469
4300,0.901876147,0.7747965724815469
4220,0.423054841,-0.2945320202939071
2517,-0.800799598,-1.4665897098242606
2405,1.020891801,1.4230301165371044
1852,-0.959736393,-1.317827442526944
7999,0.477455316,1.1007885915595335
1321,-0.811832045,-0.6529242186929807
5541,-0.36606604,0.13491079442139164
4722,0.106661822,0.1145232478322107
5595,-0.647012693,-1.1698442851643123
4555,-0.521716788,-0.6118565726162111
9333,0.297184255,0.5586950306796441
3230,0.467162453,0.34178958927023284
10166,-0.672967455,-0.2171665496728068
3162,0.592311825,0.4545847319343025
5662,-0.078017895,-0.07580909057292987
3498,0.374732593,0.31978745168401157
2892,-0.282179466,-0.051717301010478806
4056,-1.138527702,-0.6998689203847089
3546,0.109808274,0.31592801275767485
6869,0.346691545,-0.050012685404988655
6958,-0.167120345,0.6329512216960027
5548,0.549396752,0.4018096805391551
9440,-2.486618884,-3.0140815469966302
1701,0.684288072,0.831044211044299
1005,-0.036714688,0.08133092762652488
5536,-0.138028112,-0.45471995893957895
5825,-0.331729491,-0.8340703291359735
5126,0.140197676,0.05807890034997179
4739,-0.237852666,-0.027404231422585662
7829,-3.063282488,-3.408194729869222
9496,-2.6284668,-2.2556187320019516
8780,-5.183072375,-5.4034737031030575
3387,-0.606340382,-0.5828974631091057
8171,-0.483790786,-0.10463400427108349
3695,-0.161871951,-0.2563979703582326
779,0.862281543,1.0484831722652035
8153,-0.146188925,-0.6021567648856955
9672,-0.070698335,-0.37887390125153864
5330,0.671857503,0.5102292517961713
591,-0.086439954,-0.22973718802953502
302,-0.425189846,-0.20100176446302145
6114,-0.278790288,-0.34088566472951065
4332,-0.408134839,-0.18171484957965728
6785,2.221427735,2.095068090016126
9961,0.453688865,0.21839257390992328
5195,1.271315582,1.1427192239250399
5491,-0.37285596,-0.06636906477808835
1164,-0.308781859,-0.0020107293971079465
7195,-0.884527415,-0.7951645576928464
8402,-0.856663617,-0.6690681167935492
6458,-0.808539365,-1.0180179196254178
536,0.079402818,-0.17872119158518573
5568,-0.091445624,-0.009510093711906753
1840,-0.177424481,-0.21598573443167923
3778,-0.567622529,-1.19029893172356
2410,-0.036005831,0.20962746212645816
8321,-0.509880108,-0.9070654332658689
8341,-0.521270249,-0.5260864607745758
1718,-0.136027531,0.07680801414171184
5466,1.018064539,1.1061257979905923
2499,-0.635632893,-0.5336175046293329
1197,-0.577051817,-0.4113048306748557
6181,-1.812785415,-1.9044188257325045
9958,0.019930842,0.21513113063762584
6142,-0.403266995,-0.40823751794675606
2547,1.034416403,0.8649842017487174
6094,-0.296004415,-0.27435844395347164
6454,-0.808648005,-1.2606055824117346
4645,-0.664167294,-0.179277281183425
6112,-0.23749089,-0.09331486247168622
5304,-0.334398519,-0.4115885191853369
1485,-0.871696138,-0.591918888438073
985,0.946111789,0.5986023822422373
10208,0.766306448,0.7693127935221707
3743,0.510595087,0.5610130287900461
3871,-1.023088713,-0.9757602812118691
7422,-0.224530798,-0.5647821415833372
5777,-0.544390401,-0.6511826263157499
78,0.364190223,0.3917184559606507
6955,-0.449911105,-0.9761965608467497
7194,-1.022604655,-0.7983711635718833
3024,0.735475678,0.1745531680913739
10221,-0.660652995,-0.7202237510642882
2761,-0.055476665,-0.2967713928979977
6308,-0.721135305,-0.7416692527999247
2566,-0.755886257,-1.0546308754370688
777,0.676390512,0.6021349213345486
10843,-0.068809995,0.1086613105359293
7134,1.239349105,1.1222264835158589
5840,0.043459845,0.15096319832280097
5240,-0.210926049,-0.2415244639907796
5264,-0.07804048,0.27928527643204304
398,-0.156581106,-0.19094305957578536
8170,-0.290926293,-0.45395242193295504
4808,-0.535664255,-0.10747264571323512
4011,-0.948244481,-1.369913397156886
8804,-0.804629935,-0.6845790534398508
5379,0.564906832,0.39776766022833066
7189,-0.866867465,-1.4743794391028517
2851,0.702629905,0.9526300785340922
10762,-1.524314525,-1.6202642042384239
10820,0.123964044,-0.17325703162238526
3050,1.023248443,0.6117463338308602
7593,-0.746343224,-0.7769392203781034
6517,-0.180918735,-0.13762079348218895
219,-0.696909119,-0.6723468771841032
6266,-0.567004655,-0.545003631566559
5864,0.814141067,0.6441295345834841
7246,-0.884527405,-0.9198238844806492
9670,-0.679755245,-0.6236231149624724
9748,-0.799955635,-1.0045780744071349
5068,0.19712634,0.19095817279484786
5034,1.597651641,1.812371913351252
2539,-0.698304655,-0.6818244217000454
3483,0.211232721,0.19197747261335424
7793,-0.357163579,-0.492224146499753
8257,0.313680466,0.3824089154939138
9645,0.134362015,0.04653463936826359
3842,0.183658337,0.47732520456703376
5966,-0.217908626,0.0374286035140714
7841,0.94261612,0.8082528265204124
8358,-0.945029593,-1.1143165488157059
4395,-1.15358485,-1.5608401119525805
1587,0.313247111,0.20313875927500333
1276,-0.126239052,0.5695598099945083
753,-0.106074736,0.21001780298235184
9193,-1.091033015,-0.9870749095060999
2641,-0.647464811,-0.7128785796177122
2013,-1.784154755,-2.0661256853326595
9312,-0.847676745,-0.5242391262615684
5993,-0.619926482,-0.46428857676448365
6367,-0.610044585,-1.3004861003009962
1540,-0.635674934,-0.6439294055151908
3606,-0.212177228,-0.4461331118664916
6604,-0.279811395,-0.2977076885976575
7840,-0.187779578,-0.20664773806995745
4538,-0.676703034,-0.7423629095206877
3405,0.158917475,-0.6007563505659056
5879,1.065054109,1.1614415502272164
5875,0.068916911,-0.22510177955218422
971,-0.76972583,-0.9740413272424643
1453,-0.080327325,0.7001776092541185
880,0.122376396,0.8804561237620865
9088,0.826736895,0.7874034933958552
4659,-0.937619388,-1.178303396141863
6598,-0.622943185,-1.1525594611089922
7308,0.844867346,0.5298113847914991
2463,0.333144755,-0.03815397169818935
3795,0.819351639,0.7216683233554488
10338,-1.015661035,-1.1739714585761816
3474,0.284948496,0.06984365126161915
2788,-0.428446368,-0.5652826162422565
1820,-0.553657102,-0.5930341921276914
10146,1.000928714,0.6501341344740594
3063,0.798263225,0.6394635912654888
7118,-0.836685915,-1.0888338106520075
7176,-0.398599075,-0.04247577137747344
3883,-0.723656957,-0.9907523114059615
10808,-0.251820095,-0.44386404652810996
1449,-0.738556959,-0.7321754859791815
6227,-2.053973075,-1.935811109550577
10317,-0.550738681,-1.051352839703839
918,0.488799857,0.35486977263484154
7473,-0.894541183,-0.5122091146453289
2471,-1.026397209,-0.3172354606141917
4303,-0.941482997,-0.7304546219638074
2949,-0.913738814,-1.4028807871145421
7100,1.888733625,1.8227282167020977
6463,0.793608395,0.9733393945590785
7528,-0.986013925,-1.4315697738099795
3786,-1.062204261,-0.9672967645391566
1454,-0.559754765,-0.39010187131053675
10108,-0.834793964,-0.8578535861010986
9560,-0.799955635,-0.8950864847721897
10260,-0.118007064,-0.10591475420092565
3544,0.006994142,0.4199430770058613
9674,-0.851870885,-0.6641934942480321
2260,-0.828354117,-0.6973325514799471
3347,0.808775119,1.285949740785355
10090,-0.478242185,-0.6098971821434515
3196,0.596313667,0.8101272756583994
4167,-0.151186177,-0.2251011977543644
3835,-1.09275244,-1.2120197696475163
9609,22.06058324,22.210316392039683
9476,-0.231509625,-0.1500045496499908
6611,2.227811065,2.5165619307400307
1741,-0.739105676,-0.7897521929570032
9031,-0.813977295,-0.8858440526811299
3203,0.989760482,1.373420225994018
3188,0.917827733,1.1857138940326308
8158,-0.996931245,-0.8661469560853583
639,0.179678264,-0.20884536761908482
4625,-0.67432095,-0.2958651742393453
7968,0.330013623,0.20857500917391203
9588,0.389639945,-0.22810820010769606
6540,-0.088048895,-0.0040352921907786665
5172,-0.906448748,-1.0308368181715588
2583,-0.739536841,-0.3724661762744117
26,-0.95107188,-1.2963699532266908
10852,-0.925216895,-0.9866290650566863
9024,-0.879597695,-0.8654080720613816
4248,0.082329675,0.23022561255433777
10615,0.171721495,0.26004718830521445
2820,-0.751661689,-0.835326707245227
2957,-0.543631476,-0.6145980621656838
534,-0.865776845,-1.0613276773406477
3971,-1.012539131,-1.3432200531367566
9712,-0.808392895,-1.1938112249252402
10213,-0.706168881,-0.7398068140834034
6539,-0.356628043,-0.6636040100126753
1723,0.71764052,0.902250765203916
2084,0.125939183,-0.039221871847475054
346,-0.636771961,-1.0711972634491973
7640,0.636388308,0.015875593370690333
10675,0.741146394,0.5880590461310811
3398,-0.216670372,0.4647645516268388
7735,-0.92541209,-1.4269404719984502
3692,0.631616356,0.9970747695262767
9431,-0.958281918,-1.207303066538771
10203,-0.964003546,-0.9474523546385609
839,0.215137827,0.15094117373234733
7278,-0.360039618,-0.38481739060538717
5020,0.730034489,0.7126621640369274
5016,0.301313286,-0.3301115657157044
8240,0.124689505,0.18853682460099064
9526,-0.924244455,-1.2809267904160047
10363,-0.634542645,-1.0072928960758163
10097,0.729741755,0.821267376412026
6311,-0.770581495,-0.4069427337299541
3177,0.212585535,0.06216489093430899
5561,0.773470117,0.7655918790190444
6003,-0.039252475,-0.20365122062234134
6527,-0.592412065,-0.604813226442751
6573,-0.584704205,-0.725633544301141
5414,0.278320619,0.06549127180145725
1715,0.260715398,0.23355541330875176
4850,-0.192445573,-0.9798906899122335
2603,-0.569126094,-0.9260260917271084
9118,-1.409772085,-1.4347236165803858
10826,1.730449415,1.6188301174006023
8593,0.120027101,0.16078387146988715
2582,-0.088681628,-0.1046178239052636
2724,0.197392603,0.7861687601592384
8051,-0.505805611,-0.8590305625747865
8559,0.118512516,0.4674128069115912
2785,0.744997213,0.6394208176550473
1188,-0.760989479,-0.5959738492926345
5456,-0.329068626,-0.5176649175223711
10564,-0.654061905,0.035928832315942016
10161,-0.500089044,-0.5507244652247848
9733,-0.862186035,-1.2357312077880258
944,-0.349431857,0.20455924181429974
8184,0.105082818,0.12125202210996192
9749,-0.090318145,0.2553864466885777
3334,1.129073515,1.548951908543738
2060,-1.403229085,-1.1479596963496084
8664,-1.376780245,-1.4742376229495637
7157,-0.376950575,-0.609464063904872
2171,-0.468984695,-0.49177000209275684
5364,-0.248065234,-0.3051374873239647
246,-0.159944569,-0.30242816234828684
6414,-0.222568805,-0.1132003617933629
1931,-0.067405895,0.0816038719709565
8745,0.016742335,-0.19139899037054678
7309,-1.431350623,-1.7230400964204504
9276,-1.303080095,-1.4304595448066428
7774,-0.187779578,0.05694676799562082
8475,-0.614653052,-0.7878216697131712
4263,-0.87913505,-0.9666626396775612
3412,-0.032627538,0.5648384526614202
5377,0.409950927,-0.2648788092602291
6408,-0.223479215,-0.3548004117212974
3406,0.057587044,0.2622078910187894
4168,-0.355557819,-0.05964486722821888
9593,-1.063433355,-0.7224966827025463
6951,0.786521845,1.137872134811844
458,-0.276954744,-0.4430495356041546
9130,0.197733395,0.5638985761793698
58,-0.420713709,-0.3213346795789308
4535,-0.782821445,-0.9740977076227891
4883,0.840482095,0.9830917782076031
4449,-0.839274862,-0.3902617397662056
2579,-1.128020163,-0.60043401774146
10697,-0.850843135,-0.2062312468188846
5937,-0.298628475,-0.7728096572427507
6054,1.148123117,1.2504878697476098
2652,0.547611549,0.7008491755582784
8967,-0.635612105,-0.5466403019917075
1223,-0.251324886,-0.12718515676455056
3909,0.114898844,-0.10613219678428659
8616,-0.316393635,-0.7655633533452519
8289,-0.737172852,-1.3090438380268141
6766,-1.193091515,-0.5524154959767903
291,-0.621150858,-0.7690511383976499
9976,0.493538965,0.995820194821339
1819,-0.980812698,-1.2769665561453551
2085,-0.136341142,-0.5025548697742476
5313,-0.409347786,-0.3528050576945691
8763,-0.458609955,-0.2849370095792597
3555,0.06336851,0.053684326685158906
5780,-0.498806435,-0.868568528366084
3317,0.713001524,0.4183104498868057
10026,1.959168675,2.0328182795382936
5066,-0.192827621,-0.18340886134016707
7554,0.683120733,0.9396811853244788
1553,-0.269849715,-0.5179138212119581
1765,0.138617238,-0.11435674059485748
2502,0.527151718,0.42775920304500326
6391,-0.230998934,-0.2321401741012398
6969,-0.685224365,-0.43730336980084256
4788,-0.848811772,-1.475902641655947
7159,0.792098435,0.6711786745889834
676,0.721123578,0.3879508243602514
3740,-0.332696447,-0.5471006500971296
7155,-0.376950585,-0.9983637388014471
689,0.484828492,0.618107485445812
5157,-0.026438036,0.8490140305180277
12,-0.208579339,-0.13599065753018977
8230,0.034682951,0.03659741328899449
4104,-0.83279311,-0.8515849831981704
10223,-0.670381495,-0.5412727025480506
10376,-0.183728615,0.10445535475104559
2797,-0.539524598,-1.0752845455802333
6822,-1.043929145,-1.304305883825346
7627,-0.27989515,-0.13229710394905114
1714,-0.90646834,-1.0670667957861768
741,-0.845201365,-1.2290744550207104
6078,-1.067070485,-1.468041035094476
8807,-0.805877655,-0.8147842920857935
2549,-0.325142839,0.3013899928609775
5810,-0.633572447,-0.30260717538390264
3321,0.742583835,0.47136334807919994
2089,-0.956476197,-0.5207359366587764
2496,-0.696076451,-0.7797653300995426
6211,2.211417135,2.2491830941729973
5369,0.267895122,0.7445772205332248
10216,0.235815893,0.5047657940600498
10007,0.218845514,-0.01565610770406628
10199,-0.671498449,-0.5793975309983915
2365,-0.109934263,0.3501840499749498
539,0.721118407,0.5480508461430553
1827,0.705889829,1.129169542923881
640,-0.337988381,-0.4387237907870385
2024,-1.709960485,-2.6158141317462476
7113,2.180467035,1.8958424264195999
1625,0.083560445,0.4075748647143945
953,-0.640233657,-0.2071042757780222
8575,-0.52810398,-0.40635675399785576
6937,-1.156857015,-1.294814793694542
3332,1.382335443,1.8592871364542052
4017,-1.023126536,-0.8142761368522132
6395,-5.930235215,-5.687455805527404
5511,-0.243660527,-0.02510493394563912
9126,-1.444186335,-1.2729026266188381
4081,-0.977750737,-1.187210639383315
1425,-0.555365705,-1.1452726818128005
8618,-0.700489185,-0.4923773512391444
7610,-0.175569013,-0.1049322744666657
4040,-0.988418824,-0.9269911592794647
3566,0.219271236,0.2879936424617108
7695,0.509489375,0.9461695187771895
1507,0.180977744,0.4675693065711532
1202,-0.291948216,-0.25525896509031487
6387,1.088403985,0.6617350901481378
2742,-0.218867147,-0.20581274640696018
5488,-0.108107835,-0.3215464932251114
10350,-0.850723505,-0.8083891559883222
1511,-0.459237138,-0.5173349757839154
1322,-0.550572148,-0.5717217814177273
6768,2.273050865,2.7682227539698543
6377,-5.924835775,-5.905483983141228
5699,0.778365853,0.962203075474987
6903,0.377600945,0.23774436141613314
7904,-2.840202465,-2.5064121734390095
3211,1.154604324,0.8011920637870857
3308,0.858926107,1.3872825444602122
7492,-0.397812337,-0.5785996283843673
7089,0.997931015,1.2575179418405749
7319,-0.239318825,-0.7820991393764775
8643,-0.973464015,-0.9180064187818906
861,-0.126684502,-0.5814077364991695
10168,0.666451554,0.35711973801172103
8416,-0.829237671,-0.848669348939363
8636,0.224268605,0.6066737599038459
10110,-0.258200195,-0.4671385219360066
8649,-0.689115175,-1.0266745233213168
10142,1.155444475,0.9709612442451869
4103,-0.997342662,-0.7314853054245614
6314,-2.348673345,-2.0182742955331348
1619,0.213560519,0.5580942317590265
8985,-0.953797236,-0.453798258231743
4644,0.198697933,0.38989533790692177
7826,0.597570995,0.5799211387605433
2586,0.937719254,0.5419450956203697
3212,1.222855917,1.723023150465341
6967,1.623574135,1.6003258450321036
2221,-0.357951805,-0.5522143466905478
1279,0.445473892,0.3527389527392496
9607,-0.236810255,-0.10653116002337853
7103,-0.381102506,-0.470441352867188
10406,0.523481485,0.5597185547503332
4096,-1.157597576,-0.9789503067082227
2687,-1.058444872,-1.5191165089621317
512,-1.047991619,-1.119676033059923
6246,-1.020872075,-0.8596484741538858
2178,-0.459668255,0.14741361076889176
1901,-0.725333125,-0.825478971926803
4092,-0.476505074,-0.5105492677646424
699,1.736001935,1.6805312940671033
8005,-0.390427439,-0.21928123974092795
7911,-1.911121832,-1.7416851002277056
2192,-0.472320005,0.13497288198605578
8981,-7.674948915,-7.264220540171144
6016,-1.066484235,-0.4129155828025014
7996,0.148977639,0.24707599298102928
2568,-0.348771028,-0.09123569300300038
3981,-0.036688565,0.4554958040464862
1142,-0.337701029,-0.382717705109758
3186,0.332818626,-0.026217967927893437
8860,-0.952060745,-0.8632807728961714
4443,-0.057109892,0.14695917052528876
4884,0.009607115,0.19934337999269025
9149,-1.092241875,-0.9671799562229879
3823,-0.825774342,-0.771024032820236
3979,-0.512070216,-0.8269668656729823
5556,-0.300854366,-0.27818145419898865
7217,-0.501522145,-0.03496258475579744
6689,-1.204366165,-1.4129109724230617
6769,-0.946530555,-1.1352941998588328
9911,2.200614185,2.490993769629497
2955,-0.676193093,-0.15198413362533258
8692,0.054710655,0.21382141169963978
932,0.396939259,-0.03746491112487321
4381,-0.420236558,-0.3673796112491923
8044,-0.470710954,-0.1847580777011939
394,0.276199356,0.630031392216386
230,-0.259234691,-0.478344680515141
5711,3.026536918,2.715693846407441
7052,-0.721662965,-0.406648252533972
4151,-0.642324852,-0.30399077680983044
4877,-0.485920621,-0.3562556137722238
4556,-0.796350129,-1.0980305417068397
10357,0.491394235,-0.10594780968639994
2762,0.749284775,1.0178914042287799
7244,-0.900026105,-0.6903401834847737
9881,1.368607895,1.2958329841130618
9898,-0.278742396,0.2051181152121384
4457,-0.956312249,-1.3562507554333418
5052,-0.361298333,-0.25880026341421214
5260,-0.137356399,0.2384058203087692
5459,0.199916459,0.13887811667590852
8892,1.077873425,0.7971240560628303
8968,-0.566424555,-0.4063159805981421
10400,0.532253375,0.513262408165599
8523,-0.240624087,-0.5454227163504086
1679,-0.089454567,-0.21894066081541452
4513,0.268977182,-0.011701707628727798
6363,-1.541514575,-1.3365508537996795
8226,0.298634883,0.16884362809994155
1705,0.799108819,0.7267315226144373
6579,-0.749641215,-1.2875641343737168
3166,0.221526788,0.10454967603216642
1336,-0.515581301,-0.6996021000622819
8225,0.879890166,0.7359744969701592
6844,-0.412836045,0.3195304717415742
1470,0.644121892,1.0031113379936953
3143,0.952445919,0.7715997222648114
4438,-0.655990409,-0.7581700210729585
1642,-0.595920055,-0.6198124723737145
67,-0.934639198,-0.6335793286323927
10610,0.517810186,0.4568147003747479
3494,-0.125797411,0.027652461608558415
2362,-0.994411996,-1.4511197518653673
10428,-0.229316295,0.10262223624362149
8802,-0.537204615,-0.38821423050603143
6120,-0.289229119,-0.32357083053965885
5383,-0.155709253,0.34964819738103553
2133,-0.373049841,-0.1955056008775866
6838,-0.451529615,-0.624963652614693
4756,0.596043594,0.14686630044640658
5098,-0.846777041,-1.0768362524013657
8771,-3.296881235,-2.826325539358234
2088,-1.01043746,-1.146411982706904
3758,-0.605260634,-0.5220530954105972
7620,0.073065902,-0.16761564818035612
10386,-0.379585795,-0.7484343423124264
206,1.059885579,1.2143961591625978
2485,0.947902298,1.2057786640939405
1906,-1.114464645,-1.5857274906205499
4697,0.200596063,0.5823671118785708
299,0.285586467,0.47447511957708366
9331,0.556850518,0.4639372744580282
10303,-0.525951865,-0.8155160880251644
6075,-0.512271615,-0.7435172558186067
7106,-0.999293505,-1.5797827401721412
5196,0.012724995,0.32155716177811217
8767,1.028858935,1.0850967496266732
4178,-1.083444106,-0.539421796445373
4931,-1.038980433,-1.6963565883495844
6616,-0.409401765,-0.08254079007700782
8157,0.310424755,-0.00036382358199182896
10248,-0.730785932,-0.4910655100573102
10546,-0.217092725,-0.11079991054434181
4522,-0.419551919,-0.27063188367981766
4592,-0.181667689,-0.017931674940293352
7633,-0.294262693,-0.08296183004377636
7305,0.351276123,-0.5621208387729485
10066,2.225834425,2.1429338364867347
3482,0.650068804,0.5416756354098129
4615,-0.220585138,-0.31348005219641834
5773,-0.457862282,-0.7086897830658879
10009,-0.597322185,-0.35174379949703605
752,0.558297731,0.2655357551068002
4383,-0.30859791,-0.24922290979737732
1810,-0.742800574,-0.8877188895050319
8697,-0.424891175,-0.8449125453205216
9186,0.698685875,0.18591795523922128
5429,0.191233715,-0.3409571698336389
3548,-0.092968237,-0.42644231185406534
1734,-0.923985397,-0.684002826417385
10723,-0.757569305,-0.7361831268351615
1613,-0.462479102,-0.4858302611038406
10291,-0.227530571,-0.6451255570391228
9891,-0.209102886,0.0656442484792813
1147,-0.632293103,-1.0643083677782883
10656,0.239711385,0.6699116861191383
7767,0.298338143,-0.2188804002604106
5796,0.247824957,1.1773147872213772
6688,-1.206969285,-1.733600654193213
6914,-1.019215005,-0.6985773085817123
4277,-0.920982348,-1.2109587152955945
6923,0.56585787,0.35070329978325854
3782,-1.045188982,-1.3579622904011728
4402,0.299324542,0.0355397072764036
3746,0.451805164,-0.2013143499328564
10566,-0.804798845,-0.41805929436876654
7463,-0.614156063,-0.9596603957103031
8719,1.427023995,1.1868468922955684
8798,-0.551123575,-0.1742643431758953
981,0.51219498,0.6398322485354894
10038,-0.38302948,-0.19746257290662264
5954,0.259423674,0.41869196826478483
1626,-0.571950091,-0.7061466596976254
3199,0.889631841,1.0208257971116883
10583,-1.158963705,-1.8242464290456044
9717,-0.863261735,-1.1830025484046276
6690,0.47175451,0.6136981459803361
6895,-1.176627585,-1.3382646763730133
1645,0.023949691,0.15244182016229457
1214,0.316608669,0.22812376551239166
1586,0.826021558,0.8789540245831675
3711,0.798008254,0.40326350907174785
6445,-0.249013279,-0.5184214468973375
8841,-0.320153715,-0.10427386571253255
4322,-1.17536144,-0.809276571074685
7105,-1.014872415,-1.1311613647989738
10598,-1.027717035,-0.9412720225379236
3284,0.69045145,0.22200348326744218
6509,-0.313088185,0.11430013462317296
6564,-0.136842376,-0.1433994002326371
3658,-0.477243863,-0.42909697580795597
10676,0.411794362,0.7426019758223135
7291,0.483112223,0.2905940799043612
2181,-0.046515975,-0.15374960184312814
7491,-0.43234263,-0.6646037755058701
7630,-0.297178529,0.02470035535220394
9250,-1.294993655,-1.5369496047369684
9579,-0.913704605,-1.0153053211651273
8975,-0.652172005,-0.9262095788896669
9470,-0.379932085,-0.25622529427421553
7085,0.639080265,0.0077054253704004205
2991,-0.079309755,0.10132574111774505
7439,1.749013665,1.9382763460788468
8906,0.311721675,0.5319535757421746
4520,0.490158249,0.3438466371153766
1593,0.159728374,0.4309088263258586
9800,2.229791725,2.509934852822499
1947,-1.298189185,-1.3069680291054935
4616,-0.334694171,0.00911410150402453
6554,0.007758374,-0.07639224202348521
6887,-1.176326345,-0.6346540151939556
6932,-0.687573846,-0.6133296817079686
1612,-0.129492309,0.13544062414414768
4848,1.13023272,0.9616800901944903
5315,-0.548623948,-0.6267166603814313
320,-0.394341797,-0.3652430075021845
10417,1.022637675,1.0878594308181009
1286,-0.226541437,-0.7774030489309889
9241,2.263039625,2.243416554921382
1026,-0.231755003,-0.2203539595495399
6696,0.466048011,0.7651658179360924
4265,-0.108293689,0.039774372300287464
2535,0.288241346,0.1997143717286281
9338,-0.662555065,-0.6527229737332656
5067,-0.967033398,-0.4847599060801469
1997,-0.210565175,-0.4751275703683153
7616,-0.224908764,-0.17606977857002626
35,0.647555697,0.2813026020086934
1730,-0.303049781,-0.37008957571155565
3180,0.521776381,0.8153030146084106
10306,-0.700269317,-0.6958610883366899
1471,0.353082128,0.17014725670418535
10006,-1.060519915,-0.7602737656694758
9471,-0.673412495,-0.20056073667758645
8440,-0.469974069,-0.7086706091477423
1462,0.815993346,0.7532863688141924
6878,0.535490646,0.44524285919031037
1422,-0.69993176,-0.8094175788628656
4819,-0.762381614,-0.84623385298896
5815,-0.28775399,-0.08250502741731366
2055,-0.503662575,-0.7494399329164494
4596,-0.826637759,-0.9099010358946655
1384,0.622470474,0.8450990856027921
8093,-0.208497705,-0.35536889910920144
7344,-1.437582846,-1.5729737053030994
9466,-1.853358592,-1.4232685093546367
440,-0.754882156,-0.6396625213182078
5154,1.169631403,0.9088453069034068
5036,-0.356775937,0.2987525315108337
1711,-0.854151054,-0.8902654031860795
4940,-0.353955885,-0.177777160960747
1985,-1.538318335,-1.3843927089708121
5477,-0.309054517,-0.31499282035621234
2394,-0.12044915,-0.14548054093710827
4323,-1.17050584,-1.493509578241304
4699,-0.297858665,-0.4385979212631227
1652,1.247349292,1.3056645824732007
3327,0.678944708,0.502163212463208
7736,0.140705712,0.953805205300468
3940,-0.587357313,-0.4736113773821628
382,0.744874626,0.10770590870705798
3169,0.353546354,0.22875627561579243
4650,0.849743354,0.7751585978699969
5197,0.359031761,0.25796322296445845
10156,1.25758118,0.928438019068861
7939,0.068215405,-0.017172246276103656
4601,0.766203589,1.0474468367520775
5981,0.206385829,0.6933628361584161
502,-0.731589212,-1.1511594841457424
700,-0.247220593,-0.40403749915571185
802,0.049018995,0.077855228082295
9483,-1.505933065,-1.4234323755124567
7956,0.041048781,0.02867434230623909
10493,-0.938194025,-1.1434666791545731
4076,-0.521059905,-0.62999490334667
8983,-7.930701265,-7.68277456774247
8118,0.598264205,0.5285821541601582
650,-0.925727742,-0.37104091351639645
10117,-1.135951873,-1.005801300973337
3602,0.7698442,1.3847878287357778
4813,0.490177161,0.2489926365817557
3831,-0.600060811,-0.7585499249988937
6239,-0.299170934,-0.19103843111216812
2595,-0.327028588,-1.0010953881953815
3635,0.220478333,0.3005238518886206
4547,-0.814777134,-0.8319943449004626
4257,0.921021941,1.3483706873740844
8366,-0.301225121,-0.13063173619616883
2408,0.981114609,1.2245335753474778
268,-0.094334793,-0.22634813900909512
2124,-0.559483468,-0.5527437001563861
2818,-0.655235429,-0.5370962395351245
10023,-0.448970963,-0.42953355796298565
8436,-0.533189924,-0.4858995564677168
9849,0.526358175,0.7320550927541133
5795,-0.327433902,-0.3592921290119259
6234,-1.879288655,-1.9458230761148407
5634,1.000252103,0.7654725237744233
10854,0.834067935,0.5899685624587342
5747,-0.466675369,-0.4059912467136343
7102,-0.234604215,-0.20381055643810067
5092,-0.302613038,-0.7202005522855194
10228,-0.188549925,-0.3484008056339772
3679,-0.168319008,-0.19343439595476358
4744,-0.605296281,-0.12399454850742114
38,0.982844164,0.5843883493304709
2138,0.700320339,0.3285882163038298
40,0.458949513,0.6804894869986231
4580,-0.764157565,-0.7013165399056682
7896,0.185365928,0.5844956313136449
4707,-0.349065591,-0.4943011393754453
8318,-0.396470951,-0.6440585392492593
8954,-1.176215005,-1.2608871825769685
9956,0.450215115,0.5677794936736753
10703,-0.312076341,0.06958322527502925
87,-1.064654374,-0.9660290411020948
9695,0.073949521,-0.16514647964416324
10495,-1.157635455,-1.2358179547001875
10305,-0.008199062,-0.39035025954026126
9928,-0.200894572,0.005583341231724076
2752,0.279903641,0.14016197026455113
5654,0.589205782,0.3264530600514669
3885,-0.938946488,-0.7780592151448431
9569,-1.291898205,-1.4061065921385278
1666,0.43802532,0.13823465031152676
9153,-0.206835475,-0.03416689725089045
4984,-0.460474303,-0.2910215954199632
2951,0.243372223,0.4765944288293533
5543,-0.440980884,-0.5002670243387897
3270,0.832918011,0.7682177197357103
2160,-0.271800772,-0.6052381590811096
3888,-0.099201549,-0.0562869180363143
5008,-0.00857213,-0.22884212659131137
3937,-0.78648573,-1.186318949243895
7982,-0.137110272,-0.15896757865231653
822,-0.636933189,0.05273624808577515
5967,0.706469703,1.073626478562778
5920,-0.972873505,-0.597188406413008
9687,-0.808388865,-1.26546820820045
9159,-0.516686495,-0.15933458151797125
3791,-1.066812916,-1.190537061464944
2891,0.631893504,-0.007276439942160207
8213,0.848217475,0.554737780220128
9626,-1.663159685,-1.6076709087973742
8813,-0.829166515,-0.6234807027344551
3934,-0.605110155,-0.5870843566154509
5688,-0.840083584,-1.2205246254925939
9935,0.552165238,0.5892916307572831
800,-0.225570263,0.05591487879279933
4075,-0.715174081,-0.6812319438840931
5521,-0.098254729,-0.29671716175458757
8728,1.267341415,1.3912856577857866
7494,-0.258390185,-0.5761536975118706
5461,-0.597754102,-0.3998591025752889
283,-0.702335205,-1.0736798546480548
4204,-1.026781706,-0.9936211107578179
10565,-0.864047875,-1.296450398714611
2250,0.113099355,0.07483461888673973
2259,0.509740514,0.5694249580389483
3451,-0.016753777,-0.3932943885920185
6147,-0.420631395,-0.5321650984570465
10334,0.709787125,0.7697972611936984
7657,0.682416774,0.04167681937955836
5422,0.307713812,0.5855063422143849
2996,-1.102608676,-1.0252829139571749
3372,1.306656367,1.7419346314837636
1628,-0.748612109,-0.728255455841779
2125,0.042492889,0.20662862355256298
5551,0.489921646,0.6119082562668022
6737,-1.188189275,-1.088613740687634
8007,0.287271544,0.7366750750913282
3702,-0.01089571,-0.2857919857220259
7361,1.031106864,1.2302007681098526
10220,-0.660899675,-0.2660468505409934
2460,-0.713258127,-0.6904715466251738
7332,-0.244882533,0.465903657243449
10157,0.404881854,0.21808032403428512
6105,-0.312081735,0.00677437290996491
1265,-0.262342367,-0.686456716071494
2628,-0.250406501,-0.3833197073385447
3637,0.160343488,0.27136182258068664
4871,-0.690725877,-0.2826911069459061
2316,-1.004209999,-0.7525278488591163
785,-0.110803395,0.21343082266638655
287,1.257930847,1.4344260089453729
4396,-1.174767415,-1.4449688297537442
8694,-0.761309365,-0.771678636953141
5939,1.186956074,1.8564057473083246
9854,-0.883936365,-1.0547417920743412
2967,0.182428519,0.011323109075895843
2092,0.175749213,0.36241135621302056
4012,-0.93902921,-1.2345271477451045
6053,0.021325205,0.27764580533621597
4792,-0.360020758,-0.39441300865191775
3329,0.85710172,1.1075271178974646
5284,-0.67188349,-0.18624719810173962
10463,-0.741476725,-0.9951835184339566
4140,-0.827656417,-0.641990527593054
5026,0.039530113,-0.27005977215415383
6169,-0.351805565,-0.22028175515100643
10174,-0.481796185,-0.6801373186572917
4298,0.845730219,0.5503337835458213
5911,0.148959061,0.12294872015553739
504,1.08170353,0.8865107592634519
782,0.214889659,0.32894901430178897
4358,0.181419249,0.35885189452555644
5361,0.429461081,0.463691528667956
6644,-2.042789315,-2.336281699946749
6260,0.028989435,0.4539129725100878
6400,-0.996931245,-0.8978971078587169
5027,0.966929042,0.8348512806840799
5224,-0.098971068,0.7817263026983334
8097,0.297717927,0.6464900274563521
1658,1.24974988,0.9477871104161076
3567,0.148193877,0.47048928081466845
3124,0.969742427,0.9279232668010298
9499,-0.512398335,-0.012855620236865595
9486,-0.273809465,-0.3224280956110471
5150,0.756907772,1.4396554002942912
9876,0.317955224,0.886792206876304
4627,0.747852912,0.5279622422628724
9303,-0.966586265,-1.4971108926914218
5657,0.405983779,0.3926753423465315
49,-1.043982974,-1.5728950206088201
4554,0.15433984,0.13052331267828915
8500,-0.269828627,0.4818060446070681
10052,-0.984034255,-1.1853387086987361
1179,-0.528714603,-0.8597913981647312
7082,0.321518565,0.0877059674219649
4477,-0.406606869,-0.17963746652605797
4972,-0.608243954,-0.9107785737642049
3435,0.08199443,0.3487055666839676
8061,1.29298894,1.3381696878533902
6392,0.463325015,-0.013717534204089332
4769,-0.549632947,-0.31062236887877737
8762,-0.458609955,-0.8148759050325121
6327,-0.238136888,-0.05242700402344025
9936,0.399074635,0.49269327451802153
10294,-0.529243445,-0.49830817026630886
10005,0.002930005,-0.22838264214236137
8898,-1.409772085,-1.7270264860880293
1121,0.111969402,0.46807849366811405
8534,-0.65023112,-0.2703320396131135
959,-0.91326969,-0.7789571219948055
9625,-0.396732225,-0.6007039940240494
8099,0.327389902,0.37733548377314413
5512,0.510539168,0.7018209116693626
5374,0.025638294,0.1551277828912792
8640,0.133286695,0.6184001723565047
6381,-1.232144535,-1.6636678850383677
9436,0.220114254,0.2544570716456338
1777,-0.819913418,-0.8310244571145236
4531,-0.190265942,0.09329751838344505
10115,-0.630126125,-0.5931003849497116
6639,-1.754055365,-1.7664968983997442
1308,-0.012107705,0.3136609647494734
1163,-0.727356073,-1.2209756970870675
1175,-0.28972872,-0.3739312430600322
9375,0.651168512,0.34345149350761783
10362,0.888198785,0.9617863077910807
2233,-0.467814265,-0.20003506351020728
4861,0.43377735,0.18594375248563738
9451,-0.555452665,-0.43071184728386647
2277,-1.045956615,-1.3905948255475966
9708,-0.387837305,-0.7913156411195517
6011,-0.671519485,-0.5375585329177865
4985,-0.339308814,0.15143052784074446
10379,0.136543075,0.09255354278691932
1752,-0.177628159,-0.37385086393822714
827,0.008403011,-0.14845499714598048
4163,-0.433952728,-0.9848606631311192
8651,-1.046470535,-0.8780287460521602
2170,-0.462234645,-0.16603429002326947
147,0.788803459,0.39266647507471714
4266,-0.34171811,-0.25444899272299826
6258,-0.384014668,-0.685046339049851
9417,0.882906994,0.9981697604948386
7394,-1.688860871,-1.6756421007780202
1559,0.650903241,0.5695661606872293
43,0.523650565,0.43331945632321334
9022,-2.177609855,-2.4882910718136184
10726,0.90726958,0.7767537999292421
8695,-0.828427745,-0.5567124648507904
425,-0.675076066,-0.26448659874029545
3294,0.258988019,-0.10311847535716462
5255,0.203998439,-0.1361506680419062
7743,-0.564355394,-0.38452018810348887
10239,-0.114526115,0.13745724692260824
4111,-0.559529319,-0.792740764453772
3439,0.273848156,0.361662800642556
7468,-0.12926591,-0.2556729523311326
3316,0.814598219,0.7984267642982782
3840,-1.076225198,-1.2605221412288883
9660,-0.312787388,-0.3283738192702334
7136,-0.634386925,-0.8301454129649936
10207,-0.665162006,-1.1174278893900262
7865,0.533519317,0.22824388383598732
4880,0.042829222,0.3409638863591317
7277,-0.338278265,-0.3584473571588394
3939,-0.90718917,-1.1389597946268721
2100,-0.039638823,0.07328403482925497
6243,-0.319454915,-0.040775310940335485
3266,0.868811731,0.6053148078460784
10657,-0.714418195,-0.9804099457613795
10473,-0.863835495,-1.1497827464265276
1267,0.814488149,0.5433158565605631
3595,-0.481345571,-0.13741330987978173
2694,0.70540465,0.8055626399705603
3210,0.822114003,1.1771621030669783
4046,-1.069135272,-0.858925088363825
2137,1.092942648,1.5576486934485563
6815,-0.170054935,-0.11649618408385663
8839,0.900793805,1.0784279750854755
8530,-0.633237338,-0.8978255672801523
8639,0.249079015,0.06425765039910289
2931,0.303221893,0.16656003519283882
937,-0.243940804,-0.031433869810194026
1961,-0.166072215,-0.08040599254270292
6861,-1.042791545,-0.4888727688202257
10366,-0.827947355,-1.1326463242639477
10198,0.786246134,1.173686800719609
9113,-0.237022755,-0.33407723903533715
2445,-1.165852422,-1.086806257400682
5093,-0.224818004,0.2864126194177353
2956,-0.430677974,-0.1510205047218846
824,-0.613233026,-0.7468837824202315
7454,0.106417265,-0.210379678578053
7138,-0.723704655,-0.8821028615296841
3102,-0.018446325,0.4763979432971763
10707,-1.007359565,-1.275509531191727
8689,0.052062205,0.09618525323379219
10422,0.207614765,0.21164091061653803
7783,-2.087007381,-1.3049496320550689
2110,0.520936638,0.35770243736574225
4620,1.204800348,1.0687094317224952
2843,1.290512669,0.9401788036196195
6358,-5.914683065,-6.509272410721614
6362,-0.291889984,-0.44566662309355265
6585,-0.585629155,-0.5545677088152474
998,0.625631485,0.45427778806516095
10648,-0.679200359,-0.7880570472120821
82,-0.41731596,0.02605225342245482
9216,0.330178105,0.6921388220362907
9294,-0.850388915,-0.2644710063380311
3426,-0.371144772,-0.29537411820101295
4501,-0.27061558,-0.6763681868322167
3691,-0.370638504,-0.11879795264447857
6462,-0.058906365,-0.10939649195149281
10293,0.853328181,0.8010480706599222
9256,-1.298518575,-1.5492796516854916
616,0.067215656,0.10003409438146786
10127,-0.480167875,-1.2969041172975817
10682,-0.873487191,-0.9273763028176546
8604,-0.435960248,-0.25198058460165684
2895,0.014865035,1.1927363469308978
8362,0.37534172,-0.021753151252653702
4311,-1.134820559,-1.6585327888578956
1068,-0.270018562,-0.41032892239356744
9725,-0.862186045,-0.9520508683597576
6850,-1.044579435,-1.3807048106809168
7785,0.211083748,0.22899131217392088
8297,-0.952208636,-0.8390296581973321
2623,-1.004488099,-0.581350355438949
10416,-1.161077195,-0.7793486801550215
4670,-0.385658372,-0.1899665265169309
5803,-0.27060728,0.27506227966009744
4634,-0.295545561,-0.4993147569578865
3216,0.757740848,0.26075388569666785
7245,-1.022368545,-1.2110799033610833
6451,-0.808960105,-0.5179075802296423
9335,-0.906750475,-0.9629495679463902
7282,-0.139479913,0.45059517575247604
2424,0.431390096,-0.02794215476671663
2131,-0.886516818,-0.8806318206918031
3747,0.5215459,0.5750888991656169
3809,-1.044325021,-0.801085427322487
1323,0.989726195,1.1356766881478606
10447,-0.740076185,-1.0553585348566883
10555,0.932224645,0.47785259228243304
8572,-0.49934835,-0.3762333669639324
9000,-0.452308847,-0.22268820019599517
2987,0.725209367,0.7532210792829954
5326,-0.237462862,-0.39279009616666594
4997,-0.903139572,0.030733488313152257
10765,0.173731335,0.45359994155814254
5355,-0.341171297,-0.07269813019195243
503,-0.740848974,-0.5719582029928287
5081,0.256072184,0.29684955416550435
9651,-0.713323295,-0.5102250657874837
6347,-0.734773165,-0.3529587448086206
9576,-0.914346135,-1.39742507063754
10268,-0.594421305,-0.6388881716529362
213,-0.196350815,-0.0009334396082606167
9636,-0.829049865,-0.8519215701961793
4297,-0.978666809,-0.9407864881297796
10721,-0.179981943,-0.7734974179719253
9969,0.498131065,0.279613971027487
6364,-0.598182485,-0.1811058867464032
108,-0.635360643,-0.5580955257831707
7901,-0.057373096,-0.3949289265193485
10231,-0.163069245,-0.5223289383795486
2099,-0.280182014,-0.034815116592491396
2706,0.272065947,0.3155322969290673
6437,0.310424745,0.22607553226063282
3674,-0.615102856,-0.6345094375097555
10530,0.915233808,1.3774595209550315
7970,0.341206754,0.820425941966487
2333,-0.971253747,-1.078362507241983
6576,-0.584040255,-0.7665884261193605
8851,-0.835265525,-1.0615549647821427
2775,0.41816305,0.3327004019890987
10304,-0.523769725,-0.452148347412593
260,-0.009530515,-0.2876096564734249
4112,-0.966313113,-0.4986763576509318
4349,-0.125602986,-0.29383125809395805
1603,0.555438631,0.31568102900492395
4586,-0.434614237,-0.12815961916544089
8522,-0.568260772,-0.7167501372672103
6081,-0.922549565,-0.8264845916153513
9221,1.942264675,1.8856862262557537
2082,0.39869657,-0.034459874840062577
3650,0.119427498,0.2418433520510267
1696,-0.492131483,-0.7922308803816724
4525,0.69123024,1.0345181605679816
5424,0.117462428,0.0641836295723783
5038,-0.327817038,0.15934845984334567
3987,-0.7232428,-0.8877028894500317
8714,-0.842668495,-0.5103521662052655
1033,-0.830598376,-0.6364395940891776
8586,-0.257430576,0.30178398312352744
10793,0.695624198,0.8280501259678852
5858,-0.66155813,-0.7518522237179666
6906,-0.417776649,-0.7669918387217476
7452,-0.906170784,-1.2251771339490956
9349,-0.878837495,-0.9783969535465937
9797,2.278238295,2.390846203843342
2293,-0.255835036,-0.4983147524922779
8030,-0.102024866,-0.22649974943609819
3844,-0.924929768,-0.442295511279688
3653,0.779518935,0.5318228301593574
9984,-0.958428225,-1.3163202363057411
4430,-0.174580484,-0.70892800833969
10000,-1.047230975,-1.2507793941461665
6824,2.194424195,2.419208962063835
9143,-0.817060595,-0.9344075066758527
1313,-0.343351609,-0.17600851709444135
7734,0.270821434,0.3061336595382875
5931,0.586776894,0.3479576526838098
1260,-0.133594153,0.033903920756516714
5005,-0.431775817,-0.8140454527230385
2455,0.26934889,0.7155227366007781
1056,0.492634485,0.4849682637025664
9225,-1.283164195,-1.2289028615552702
7092,1.561511415,1.1233611451744536
2824,0.355723401,0.3400020658267592
1183,1.311010596,0.839860414913047
7751,-0.867350071,-0.7722644689047653
7000,-1.017113555,-0.781558030306887
1726,-0.041968117,-0.2027571505342144
7613,-0.187491817,-0.30496281020681176
8241,0.124672974,0.121567287027679
1347,-1.10520437,-0.824908396628218
7166,-0.802734485,-0.2333682972023884
8749,-0.798810055,-0.8919290961267907
2106,-0.194288464,-0.4644746843943606
3101,0.036831833,0.29349853070621357
7074,-1.251615885,-1.0320464642296858
263,-0.267898523,-0.575214815400287
10601,-0.454714305,-0.6542280804009336
145,0.400726676,0.635273537533193
9552,-0.027413156,0.1393346522725382
10537,-1.609144235,-1.9607244137669584
2976,-0.52470106,-0.1455890567035995
5750,-0.086333694,-0.09990998458930095
9946,0.526046705,-0.17686502549555227
348,1.024389825,0.8088565586242693
6324,-0.165872735,-0.313341316705679
7261,-1.002123165,-0.9985590346446624
6523,-1.340967055,-1.0988531300179938
10008,0.152575862,-0.10171230174906526
4351,-0.66053022,-0.6462821795245071
10556,-1.305189725,-1.222978072805209
150,0.408642331,0.483790186103763
3229,0.851902033,0.8401961771867368
8900,0.043712075,0.008740671064001407
3119,1.02987183,1.5264939639264887
5074,-0.010614208,0.04963931993471287
8352,-0.396661159,-0.26803278133577085
9304,0.117979285,0.4165295845475818
4508,-0.317454399,-0.12012544615488788
4991,-0.334345729,-0.1293788245633576
10785,-0.997415535,-0.7224452508666896
6560,-1.056028345,-1.146893918139698
5563,0.692515706,0.9166099580314129
7798,-0.020184589,0.023108416830523653
2482,0.779358524,1.3771131299504356
4336,-0.234035861,-0.7323608856701518
1130,-0.25655124,-0.1601440753649181
2555,0.599313314,0.7597020398367306
8480,-0.663466465,-0.7599922761970624
7475,0.276164117,0.7952606614571506
3148,-0.248540753,-0.28174036356719884
8793,-2.333239595,-2.415991582968937
7932,0.74547569,0.6930813062955117
4253,0.883578124,0.5560905723522693
5025,-0.138549482,-0.5089030815267188
8993,-7.141594065,-7.685582106605147
1790,-0.44867327,-1.0112250108937233
6717,-0.264370865,-0.28869099663062514
7348,-0.480766601,-0.750901139413408
4712,0.6138895,0.7367803356051981
4386,-0.976652078,-1.1825358187265254
7523,-0.598927551,-0.4635597461591703
6695,-0.685711095,-1.0095709506498118
7211,-0.386293505,-0.4996229712567431
9314,-0.780975515,-0.8198774306085802
3523,-0.052672668,0.43607724147028354
7044,-0.568878615,-0.32948603862542847
8454,-0.570462581,-0.9008485279519485
7725,-0.300393814,-0.729800268116328
7435,-1.556258568,-1.4680737516170514
6686,-1.206969285,-1.361740878939702
10282,0.068925245,0.38158241809490523
5974,-0.043422566,0.09067194910295556
4184,-0.515766883,-0.6593944544565065
7839,0.024415075,-0.08410207582801599
6675,-1.208331545,-0.9752505341205451
1127,0.760105518,0.5338227629941927
1262,-0.23063403,-0.06900723226608924
8080,0.369598485,0.16038921662514874
7615,0.660662292,0.3366615094853604
5571,-0.484592841,-0.6445199616047499
10515,1.566303915,1.8561458132583146
315,0.91544592,0.9217470724898278
3622,-0.288603665,-0.8820712398124431
923,0.973328207,0.763291962518248
1915,-0.713337595,-0.8761397349202066
7974,0.095379374,0.11935395312201125
6552,-0.585195325,-0.46597621796222977
463,-0.504895527,-0.44070155377973336
5183,-0.296578914,-0.18632579083781936
8533,-0.442421455,-0.027463100401197038
10245,-0.044253555,-0.20020379871756783
8832,-3.295070885,-3.4410737818644788
3808,0.264291382,0.46078405726650695
7907,-1.401340479,-1.484852369282368
7682,0.997301572,0.932767431948853
6562,-0.418944425,-0.476935692934391
4995,-0.141338105,-0.15602761425753506
9509,-1.602147031,-1.3534023204821375
10129,0.887871673,0.5429492363896322
2117,0.936386169,0.6380813566174464
1237,-0.792512099,-0.9585885715123983
2813,-0.360376955,-0.4567497848353735
7924,-0.056651178,-0.15209872848537867
6676,-3.364137855,-3.3549949308238114
2936,-0.663808784,-0.8450029717907688
8303,-0.991939977,-0.9502831672707359
2183,-0.472272585,-0.06041804259704098
290,1.791676563,1.7292398878928175
6478,2.398628215,2.3254197093486595
5425,0.136348625,0.3331162663362748
9461,6.061572595,6.049390725496441
10234,-0.843634262,-1.290708518989714
717,1.157994726,1.2030852544385633
6929,-1.019872585,-1.342270896829859
2214,-0.330133115,-0.4711457593278504
556,0.786560561,0.640278693778252
7017,-0.035285274,-0.29146514653801675
8311,-0.454313374,0.35518527678112627
875,0.81021256,1.3485799190553363
9754,-0.362693645,-0.49999901350372333
3993,-0.327340853,-0.10201101664780698
9597,0.132442705,0.12117365219014263
887,-0.074798652,-0.18258627923611787
820,0.964946557,0.8097600219698884
9718,-0.549715605,-0.37125929298082666
4797,-0.5435644,-1.128375926596727
9633,-0.828240765,-1.0358603245994076
4996,-0.442039271,-0.22861609716035147
10071,-0.784630045,-1.1195653015552143
2113,1.25426833,0.9536120932655581
5881,0.540224883,0.9579616654449203
5636,-0.132190726,0.49322315036930475
5520,0.070950826,-0.1528318119426804
2588,-0.101076141,-0.3410877103192939
684,-0.025439106,-0.3920774486675836
1316,0.173489171,-0.14604492792261176
9411,-2.442995292,-2.7151932598116795
10054,-0.896036765,-1.2273723133564989
8364,-0.616627238,-0.3533629719645738
1729,0.980763174,1.5322182770385369
9188,-0.872489725,-0.8992507143075004
3365,0.823721515,1.4096992562579704
8267,0.059155442,-0.26116133111156353
3303,0.790942002,0.4832161969079168
1387,-0.163435653,0.3050177060180558
5648,-0.58081039,-0.1464714644626402
6402,0.037876585,-0.07182653975915596
3880,-0.581819116,-0.49130911332947935
2375,-0.196135981,0.23841378796787785
7191,-0.867513035,-0.8574799946080547
1133,-0.079541188,0.056519102454193934
8661,-0.111836055,-0.5316387047546313
7914,-1.306909013,-1.408272345642142
5697,-0.183918886,-0.4074692170952051
2592,-0.154662975,-0.16750998939347247
8409,-0.577620943,-0.5898962035585207
2665,0.527624651,0.11748330906192628
5042,-1.020565265,-1.071680994616459
2180,-0.473135715,-0.5301474255004484
4499,-0.943913246,-1.3021700663276867
2300,0.084480054,0.4000643393168756
9503,-2.558611433,-2.866036658022917
8801,-0.189726105,-0.5358380020891091
5155,-0.299299916,-0.30256005711049166
5218,-0.850539559,-1.0047097469946529
8635,-0.973288755,-1.3236159797699762
8946,-0.537755595,-0.5974743611279609
3414,-0.177453325,-0.34248790988096167
6596,-0.583789195,-0.735078599743787
5927,-0.133654426,-0.0836576807920468
437,0.942846967,0.5288165295355327
823,-0.095206101,-0.2040576691318977
7637,-0.318698721,-0.4271871538117637
2023,-1.603759915,-1.9964060347357335
9459,-0.668713655,-0.729139625023092
2501,0.837840006,1.1282954041598583
2309,0.348019722,0.6143163497621508
10053,2.206261045,1.877509296098813
7850,1.010986994,1.611715234293439
3631,-0.370562857,-0.560848611306821
9993,-0.851585485,-1.3011761341447636
314,1.548464751,1.9401083931462988
7718,-0.373053243,-0.46290775426424324
2544,1.022448973,1.7504639189036566
6267,1.034315585,1.324946553704406
6724,-12.23973854,-12.389480225441108
167,-0.249322672,0.31971522279618414
10663,0.514051749,-0.00047625515476168445
2193,-0.634148445,-1.0431006463778432
1811,-1.055591078,-1.0115531744043351
4923,0.017169975,0.441426161499327
1644,-0.744857075,-1.063575133444064
1059,0.268797587,0.15761328737416824
2414,0.33801464,0.6433130800530507
3377,0.240736392,-0.0486249464730574
5216,0.646948611,0.7342380300412329
4007,-0.540980679,-0.7299460447091431
3612,0.093652467,0.039924481495153125
9862,-0.536618425,-0.3773779498981812
6646,-0.852883535,-0.6870119664201556
8031,-0.596463874,-0.14587798444342132
6006,-0.110270415,-0.20661812661171072
8609,-0.151129849,-0.3817597720115562
2760,0.915151221,1.1040100962665433
6559,-0.585195335,-0.16459253722426342
8700,-0.846440385,-0.36883291542717495
6981,-0.101832295,0.29100093542079436
10352,-0.618929015,-0.6590628267563718
3503,-0.067418108,-0.05205873743567441
247,-1.048895309,-1.2448940787721134
9571,-0.237760505,-0.4060872442942992
7129,-0.782380175,-0.3894206241699398
8537,-0.308475867,0.2008112669128022
352,0.467489942,0.7247878289606058
450,-0.996136517,-1.0149402461819517
487,-0.220122544,-0.5445869450843185
1374,-0.147635499,0.29371559924808255
5498,-0.148060269,-0.8063750099460073
8055,-0.124375344,0.015558035052078395
10278,0.110573322,0.15177571936953138
318,0.872252882,0.9695027877465325
3678,0.656453955,1.0139662041321196
7881,-0.874400269,-0.9460260496190303
9758,0.519769295,0.481770086795701
1969,-1.211856585,-0.8717255559398807
10056,0.736123717,0.6693512388325441
8481,-0.663304285,-0.6730485957526284
8866,0.533383275,0.6167780070656768
4545,-0.055314213,0.11998003693059295
7484,-0.736973937,-0.8383184652574209
1063,-0.44166906,-0.9635831936334298
10688,-1.176034485,-0.8126062339102709
5989,-0.089505861,-0.2077018653729361
1114,1.091255406,1.136381077543073
9308,-0.850388925,-0.7843321307384601
6320,-0.720643025,-0.35062120209419917
3661,-0.230666683,-0.44908981235659634
9726,-0.735209865,-0.7345547877488892
9937,-0.144321697,0.1131594320545615
6134,-1.085183835,-1.3258436574105539
5323,-0.401134302,-0.3380433899334014
3001,1.333267059,1.0751515557661495
8515,-0.322433946,-0.25291466339088226
10033,-0.706679255,-0.8690689834886719
9619,-1.060052155,-1.2544138418939563
5166,-0.26271353,-0.41378441567231516
4546,0.145750022,0.11560730582848847
3493,0.7143508,0.5537557862297022
9084,0.650853205,1.0635322942912626
10124,-0.107619355,-0.19150317097140301
1662,0.959738026,0.3231815562974216
791,0.200656336,0.26296264214893333
9,-0.202559092,-0.039791078924210604
6272,-0.053246245,-0.08083678486091397
5110,-0.518803129,-0.6629975114464725
2933,-0.282603419,0.003986748471325796
8234,0.542055824,0.8588861995009966
3243,0.831795269,1.1494138279651636
2643,-0.284214061,-0.4798407275779182
7766,0.074826819,0.8544736890223746
9342,-0.883794065,-0.4647660117804527
761,1.146822276,1.1834252203936084
5608,-0.36403539,-0.09443464189824774
3090,0.830816203,0.2854224353838536
4765,0.066372511,0.14123696787942308
5665,0.074597696,-0.35627846347843534
10309,-0.675092665,-0.46092943177295875
3641,0.996069169,0.9412984766861376
9586,-0.456816125,-0.33450920394884687
8845,-1.028115295,-1.2505647699738176
10374,-0.855600255,-0.8125784666786087
4198,-0.437111561,-1.339401262908127
3197,0.976193158,0.4112480955824248
4479,-0.42257524,-0.1064077743112351
6375,-5.938317885,-5.608772422184455
952,0.939078327,0.5636164997428668
897,0.179015939,0.22303004492999687
10521,-0.858208825,-0.8145237259519326
9932,-2.077581835,-1.8805122231041058
6859,-0.875695435,-0.6061419236345307
4602,-0.470696532,0.019823386358255812
7223,-0.918123495,0.017180843762414244
2005,-0.458627555,-0.39463944278811847
6388,-1.102148375,-0.8493942060634988
1371,0.857067161,1.370579705042703
9063,-1.419476235,-1.6558991111711014
3932,-1.100705103,-0.8344539127757822
1106,0.725102018,0.9089341895187708
5057,-0.787398264,-0.7815607873443351
7387,0.338155323,0.43245692793942914
4026,-1.069891068,-1.3042379814393343
10230,-0.675348996,-0.3887324246460447
10579,-0.946336095,-1.0269225821814192
4362,-0.870364004,-0.7873837743466459
5075,-0.992279712,-0.9620423902065581
720,0.255162099,0.34750262966761775
4324,-1.159178149,-1.3879339207439794
4720,0.338114234,0.6402613941790007
9973,-0.927285015,-0.7461505741341125
9734,0.381428311,0.7887142009150419
9269,-0.088398089,-0.21859522766478712
1076,-0.181066181,-0.6480407505979253
6430,-0.959702555,-1.148303629109258
4605,-0.064947315,-0.1410501382627143
5940,-0.769570453,-1.1658339596131952
10397,0.063804795,0.5133687032009561
1086,-0.662028071,-0.3529430347904474
296,0.591697392,0.8615773546299752
6072,-0.389938723,-0.33444755047805313
7929,0.329027619,-0.11635381857589583
7272,0.395243871,0.66673248344826
544,0.542233627,-0.19925972303818673
6900,-1.177139075,-0.8930968050464387
2332,-0.578073469,-1.033435593004243
2686,0.089563821,0.2303440979425579
1556,0.393462053,0.6675374408699748
10692,-1.177536495,-0.85697162746341
8744,-0.579949115,0.03542496798083894
7814,0.002278001,0.03755458996616067
7775,-2.884457428,-2.703715397115291
4327,-0.705214442,-0.4350545188005226
7406,-1.850228262,-1.9628782740226711
9319,0.117901415,-0.2115545001334449
2163,-0.473247085,-0.13120237344362007
2145,0.970856325,1.4178153565806246
1546,-0.334494031,-0.6340096627564875
9778,-0.924424325,-0.6733269786098979
5678,-0.285703748,-0.17778205546196346
9528,-0.572545885,-0.519864820058689
1386,-0.868370634,-0.4778482471803606
5152,0.013719163,0.16914967360899272
9962,-0.705142965,-0.49859417263153
10498,-0.920464825,-0.5462737298005967
7262,0.529716605,0.6456924739715576
1311,-0.201083011,0.04424687876008612
2970,-0.538559818,-1.112236310625933
8077,-0.364692545,-0.023835132607237297
7844,0.397590105,0.8754793338082143
3608,-0.401768328,-0.8066411914654597
4796,-0.892379646,-0.7465242085314183
10388,-0.884502635,-0.34103590304182607
9840,-0.258130861,-0.5901919484602169
5671,0.019610972,0.03341288802090228
4375,-0.891853106,-0.6980512498656346
4128,-0.954572217,-1.175132527428974
6965,1.623574135,1.7848177463819286
2639,0.63236086,0.7517389749840427
4036,-0.133476192,0.021607762724511287
7573,-0.568383767,-0.123260593938888
5982,0.18412923,0.7815403555250714
6002,-1.099829075,-1.3824471300722734
2674,-0.911263939,-1.2138303442228624
6286,-1.854175915,-2.166235528286642
7539,0.39849121,0.30520995509467186
3035,0.463420071,0.5974818212408094
601,-0.453265463,-0.7299150602532876
7941,0.619992428,0.7064009384916468
2968,-0.321904276,-0.8680852661645551
7071,0.317970235,0.03693166451218516
3701,-0.318277135,0.11750788864585382
7868,-3.154107696,-3.5007432341452978
1983,-0.652319575,-0.39360153328517244
9584,-0.121115565,0.22373064420311056
6502,-0.870305885,-0.7387320977236983
6130,-1.066087355,-0.9754990849484707
8838,-0.568955995,-0.14290051336541543
409,0.564613902,0.7189455522176247
7807,-0.381709132,0.13521328329387494
7295,-0.359656142,-0.48534517565637036
3827,-1.073456304,-0.9271882148739845
3350,0.874896196,0.719077284452162
8974,-0.635050375,-0.3898102369904882
4152,-0.23142003,-0.20558676952230662
6069,0.502743378,0.35353706657577205
5913,-0.010094607,0.11172222972842427
5132,-0.121809447,-0.004019212304709599
4054,-0.543362491,-0.849271086912657
8916,1.719045825,2.2479397207612197
10538,-0.859162515,-1.404877819590764
9974,0.291035125,0.7456305532971406
2755,0.389513545,0.2540157021521132
8722,2.615817265,2.6990720226645672
6977,-0.331649335,-0.030978484989122368
1439,-1.099574198,-0.8791108621850547
221,-0.690991324,-1.2511708817775244
3447,0.072790316,-0.16869962825576826
1107,0.103449518,-0.21257515095209684
2990,-0.010223317,0.44469489957607183
8422,-1.215797284,-1.3952810842593544
5640,-0.315647971,-0.07972610740125508
5934,0.021754549,0.5237871146868954
5445,-0.153166077,-0.21973255838768063
10835,-0.660411505,-0.7309609684753291
8339,-0.350751745,-0.40212863644748037
2066,-0.596975585,-1.328620732482929
380,-1.169918483,-1.4218350356542329
7255,-1.039190575,-0.4932590388062207
649,0.306548757,0.5154106664440254
3452,-0.590494105,-0.628790509455457
8205,0.124832365,-0.009160549044381933
8451,-0.314076685,-0.17790511616759586
3121,-0.271641041,-0.45529111614644624
1822,0.10865179,0.04119499545757643
488,-1.115229724,-0.6090872334782306
1682,1.274581764,1.0034712057809614
1904,-1.122569795,-1.1547604382012686
4888,-0.637538234,-0.5692894712803839
546,0.910027862,1.083149500154162
2152,0.947193442,0.9534593884887885
3927,-1.035047844,-0.8963027567799438
7762,0.111229938,-0.19655950724423335
607,0.181478297,-0.19191811399342507
4775,0.294784731,0.5295736788949554
5267,-0.882166534,-1.0465381252620805
3589,-0.099688497,-0.21855740043052796
7582,-0.74101129,-0.7494766536811689
7120,-0.803532995,-0.9342699138870907
6481,-0.394306015,-1.0026091965012547
4025,-1.011778029,-1.1072492873227862
7504,-0.689229115,-0.889429129364944
788,-0.321636653,-0.3426863664375941
3961,-0.690505192,-0.12337298645326522
7038,-0.102645694,-0.788378867348485
3253,0.391961906,0.709397403526145
10164,0.125612238,-0.6174253820631261
8471,-0.274957972,0.186307423710303
2708,0.610878289,0.5054540182858802
2721,-0.576618748,-0.728342759278581
9689,-0.793483115,-0.7054977862985444
6453,-0.202242545,-0.3879794294749795
3421,0.379421931,0.3562556174330863
2811,-0.430578652,-0.621246004421321
10415,-0.665127005,-0.723526113507404
6940,-0.997708785,-1.126403000211726
4252,0.894705403,0.9575656720788384
5977,0.783719693,0.9706458973667286
9943,-0.092671769,0.45668137166976625
609,0.959663603,1.408476896446755
2862,-0.918787342,-1.249474986950927
5280,-0.018386324,-0.21071070396150662
1649,1.079431515,1.8563006076055841
215,-0.654912158,-0.4272213918520198
1691,-1.046958947,-1.1894300439867573
7152,-0.379483195,-0.6424923206857879
9224,2.243983765,1.7957047062801283
5033,-0.585676193,-0.4241457058350643
10809,-0.315235991,-0.1628323036836201
9727,0.88358653,0.4710609600498745
197,-0.391042416,-0.34492488421634165
8903,0.539313115,0.587393772225273
7340,-0.111601101,-0.2914930994463611
4095,-0.747545967,-1.0571325396283304
6035,-0.528781595,-0.5079804464853956
949,0.187797733,0.2607995677968076
9037,-1.450223625,-1.0461412516833013
327,-0.020537248,0.21696156018888074
231,0.761885278,0.8268228548745925
3272,0.855402233,1.1198244916770712
8068,0.699952849,0.7102528655706506
7068,-0.686406285,-0.20472033523046462
5651,0.531810307,0.556706532643753
10219,-0.206835475,-0.0504664778066376
8647,0.972566965,0.9063971829198058
8111,-0.580285074,-1.1599046215559878
472,-0.070420476,-0.5249777946595656
10833,-0.114690695,-0.18994079654336926
75,-0.47574574,-0.22917498868743283
4,0.364711185,0.2944651725829992
8052,-0.138681049,-0.2657882640732028
1108,0.657269208,0.4701385197912584
6397,-0.171614307,-0.5572916072268083
6811,2.204146485,1.7740274775569314
2209,-0.372229155,-0.37244173337299374
4787,-0.431750919,-0.6269488672105151
8685,1.110804055,1.2089552208633372
2386,-0.9628506,-1.03197081426173
4811,-0.912795531,-1.4870135521762402
748,0.758835018,0.5753796771024156
7578,-0.681314139,-0.849893173157378
10344,-0.71609573,-0.5308671407218027
7878,-0.176534669,-0.35115306922790374
9668,-0.733025645,-1.0105033897157822
10667,1.318184198,1.5926445374293547
1261,0.140950615,0.16375223242372344
2359,-0.291064935,-0.16846909155579878
1599,0.676233638,0.4578327556312597
5283,-0.071443216,0.10843004637360673
476,-0.832575283,-0.6596081940832701
2758,0.558061265,0.2188766645187421
9287,-0.134282705,-0.016734092685169524
10849,0.838893315,0.6496342617949773
755,-0.332647331,0.45706728845121725
4048,-1.074150058,-1.1054528958960677
9187,-0.840519705,-0.7230103001968582
8578,-0.277951905,-0.9546893043284242
10184,0.13123411,-0.05753601901622585
8595,-0.341547358,-0.40096528696567196
259,-0.587452961,-0.35506274497119894
2719,-0.165926039,-0.1288617302133253
9445,-2.056498997,-2.578326570269683
2817,-0.691811067,-0.581191122804744
5045,-0.530088098,-0.20876394787915853
9003,-2.728620395,-3.311369702288531
4077,-0.912167493,-1.514404551223503
9354,0.548959489,-0.09943167689070853
3537,0.040692856,-0.203027848681226
7119,-0.834883205,-0.6287116698814135
10764,0.689544222,1.15646903267153
56,-0.637742455,-0.8895077119667916
8634,-0.972533525,-1.3062317659011742
8477,-0.335330917,-0.800792143290438
5605,-0.507144412,-0.44096935067879184
1930,-0.593657205,-0.9625220833357251
2701,-1.016424509,-0.6891303814442098
6310,-1.042442275,-1.0979715698263657
10202,-0.963572654,-0.8168334870052137
10626,-1.162141485,-0.7721801119408187
4455,-0.256641582,-0.1700231810970491
7724,-0.041843353,0.449320140410856
1924,-0.148668715,0.473556085924992
5772,-0.388829859,-0.1795537678982403
358,1.251859851,1.348675419101427
9647,-0.647934825,-0.656579805476587
7525,0.237819775,0.0005884992743939166
10464,-0.739405065,-0.8197746852475496
818,0.098437181,0.12312237778262725
6422,-0.957085595,-0.5663084759641306
5641,-0.005126217,-0.17299010258684067
4364,-0.376634533,-0.555623250583519
5288,-0.952307277,-1.1338541476817992
10569,-0.804366665,-0.3155711097675164
9450,2.213725485,2.1616621597315837
2619,-0.908698586,-0.47195188935597004
3504,0.098594327,-0.05194093084345959
4588,0.233785244,0.09588821231810093
3999,-0.992659174,-0.8844648065692615
9351,-0.939904165,-0.7959222426555164
7872,0.252911854,1.1124754609257888
7816,0.303165918,0.12948039079532306
1796,-0.002662362,-0.09837854269998544
4941,-0.639022343,-0.7007106990929743
10186,-0.259650565,-0.6427759336993357
6826,0.755996135,0.3073336740505388
3573,0.747120926,0.8053365090817622
10702,-0.218315115,-0.34476001414990887
10797,0.712589815,0.5677264992126595
5824,1.610085338,1.4310169025804087
8782,-3.297651905,-2.9425871742255185
7479,-0.754670044,-0.8606492846314475
4685,-0.41323847,-0.21362778949015102
3367,0.204855053,0.2581800848804094
2753,-0.318464349,-0.3637156624700086
8090,-0.017632569,-0.33276385762679017
9601,0.758051695,1.1386658633729712
6118,-0.292567365,-0.12697808720045176
4097,-1.028137513,-1.2051059399388673
7905,-1.727593013,-1.7489291002491008
9856,-0.474615651,-0.7319356039815059
4777,-0.140974288,0.21976108639492165
815,0.647324264,0.2016561520889084
2740,-0.779357708,-0.654898057891427
6534,0.003357204,-0.20234527127703905
5448,-0.24717719,-0.15118763265645108
5925,-0.432811891,-0.6910306400186015
4917,-0.545231505,-0.6579216047296607
8511,-0.391928827,-0.21654194125397774
9531,-0.799665135,-0.4299665534356008
660,-0.169843662,-0.3419422640640709
6106,-0.519305587,0.18204273661648995
8468,-0.21301806,-0.5756757193862165
6186,1.700262865,1.825303337344934
10272,-0.146545003,0.4440821898301876
1838,-0.406406508,-0.4163755051933382
7428,-1.139444231,-1.0787292198203913
7451,0.008668322,0.15126879962824738
5720,0.223389543,0.09322750410624328
1332,-0.166596119,-0.23062898027906237
4690,-0.599902305,-0.6247168121689479
8505,-0.56063791,-0.6523276427220386
9217,0.985045608,1.0657614159047122
2864,-1.053803562,-0.9312213696894697
4224,0.942984385,0.5309635183090753
5242,1.142804924,1.3680667578203995
7792,0.024415075,-0.2531103111435905
10120,0.578780693,1.3297322302717132
5632,-0.497831451,-0.4524105366144802
4613,0.229935922,0.07622364979699192
9120,-0.849185925,-1.5067795218839644
6803,0.940681195,1.442541655569559
2448,-0.175856698,-0.41098639767591894
3988,-0.546334791,0.030698947447485914
1779,-0.80439395,-1.0121202439621568
2350,-0.295005551,0.02297536421398655
10345,-0.505100292,-0.7071245638679617
1596,-0.770378631,-0.5846323526984407
9930,-2.076445515,-2.2881068991835383
8637,-0.696525515,-1.0372162864273489
10159,-0.280065821,0.08356139479682084
8166,0.077244687,0.6010023780819408
5214,0.016501527,0.12461954550542405
8217,-0.337074079,-0.9513052347312252
3319,0.799250998,1.4952632146051776
3163,0.950373636,0.7419935252510567
7143,-0.998343465,-1.5026046027714361
6530,0.651326378,0.8250049725713705
4003,-0.659828031,-0.5180389272469783
9970,0.578405225,0.30462876554671203
3002,0.739624053,0.6155423929735068
3016,0.443128461,-0.012675361643052718
2453,-0.871089052,-1.0858170487332255
734,-0.548683541,-0.23993684980230695
1850,-0.142410914,-0.3362791069531409
8746,1.043288265,1.0134939636623903
6216,-4.463445635,-4.459778570475449
5646,-0.099122364,-0.28139300153386676
5526,-0.159146731,0.1764429692462635
8246,0.337731112,0.3437297578619258
4843,0.369796176,0.3273016001969619
6988,-0.387974333,-0.39470514859417205
8357,-0.58091597,-0.8480466958827984
10483,-1.158032395,-0.9743809094144248
5083,1.576924185,1.256147836873476
840,-0.88045453,-0.8952936428957299
4785,0.254036908,0.16235372375385898
5975,-0.123970983,-0.315546730543509
6506,-0.982689465,-0.6021144943057593
6966,-0.413415616,-0.5869535346628993
1971,-1.168283185,-2.050399775399284
8175,-0.340172095,-0.003815652229028632
1235,-0.493221571,-0.0014865293667797874
5523,0.497571855,0.3132102198926715
1415,1.245970083,1.5243221214243712
4471,-0.207741637,0.1774034209560684
7567,0.388453389,0.020953422401984834
7169,-0.576694665,-0.5651281143647047
6431,-0.672591265,-1.4580312246076839
7316,-1.808813079,-2.0872790692044054
3432,0.329684691,0.4863598818053335
10353,-0.254638185,-0.51276972542005
174,-0.092118834,-0.009111594200994277
6613,2.357067275,3.016061091493686
1580,-0.248940624,-0.18876986483071714
2336,-0.780950934,-0.6307512175856371
1911,-1.337369945,-0.6679799011422104
8233,0.067884174,-0.10581109198197143
91,1.086266335,1.3768598321598666
10754,0.796272984,0.6220506568330649
188,-0.392513464,-0.6465515794205214
5666,-0.307076657,-0.09889968704262253
10252,0.445848048,0.6042588493643892
6230,-1.879288665,-1.7919278384585904
6297,0.535267745,0.19506168921951256
3131,0.365084117,0.3538129235061556
8109,-0.259320815,-0.13488547637622766
2287,-0.26449261,-0.3399542758133487
321,-0.735502209,-0.5569551013689259
9940,-0.054571342,-0.22480552636850548
7540,-0.614209365,-0.43124535084287435
4740,-0.423579476,-0.2679181218679634
10368,-0.414866005,-0.8257051373968174
4291,0.850582689,0.7214898930136073
5235,-0.134326411,0.4861414014517471
2509,-1.071281978,-1.468019365023071
1145,-0.381119377,-0.37644566272555974
194,0.168000907,0.2199551847553546
7522,-0.341730925,-0.28878566990111415
2830,0.768693022,0.25753154595198435
5901,-0.883223832,-1.639907207246385
646,-0.088354275,-0.8974202678824715
1964,-1.298718305,-1.1320369651989655
2516,-0.72441357,-0.6986456681120008
3453,-0.36588005,-0.534062341054193
10380,-1.200606125,-0.4958735575924902
8531,-0.435214384,-0.8680288198008137
4551,-0.181467141,0.07033759326948064
3930,0.30651896,0.507978311518716
8589,-0.30678087,-0.36959355399357396
756,0.03893364,0.18692901026426675
5254,0.089060955,-0.1562437639815401
8144,-0.142549147,0.18280101208727767
8528,-0.508614643,-0.20550084901502103
9863,-0.736683405,-1.0586404872201147
2279,-0.388205357,-0.24942796914381463
7810,-0.070576877,0.10254477815054187
8220,-0.290805474,-0.7864782772060469
7642,-0.188477278,-0.3212540658322468
6894,0.480836037,0.2685703514117681
1747,-0.184167326,-0.03383907501804642
8316,-0.013508411,-0.06982651807396517
5054,-0.309433843,-0.6744080842407129
493,0.846264514,0.5878792536015209
1052,-1.027723083,-0.8795140271151782
3033,1.050325403,0.7556371927235961
2444,-0.545930158,-0.696822589165403
5339,1.24496952,1.4762101859963912
5031,-0.812367429,-0.4360659207727982
4348,-1.126526802,-1.408646476945306
1264,1.011190263,1.0619985102108234
883,0.08696459,0.4002128531207216
7047,-1.099272615,-1.127134965417916
307,-0.692093657,-0.869565073650749
9080,-0.038877845,-0.07109143052301362
5806,0.248131766,-0.4431318147831901
3487,-0.394606291,-0.1951281423094777
10126,-0.114690695,0.02715382597834974
7681,0.625290118,0.3836321132468439
7370,-2.815145949,-2.7524898862397005
4793,-0.950013085,-0.8707326035063091
7954,-0.249060082,0.15655172779229778
2986,1.698413762,1.6616010819212828
1349,-0.086833975,-0.15426359556780506
8095,-0.414405158,0.3765955845836766
4730,-0.262794756,-0.6194837818604886
6875,0.456487699,0.18684775592684877
5268,-0.972541526,-1.373300247250584
2543,-0.684100449,-0.7766452855367459
8387,-0.65083426,-0.5397321798013462
7027,-0.804289465,-1.142468602766244
2804,-0.697683828,-0.7263231021267219
1776,-0.38553388,-0.5690646072715856
3753,0.623979618,0.4895122331099552
8757,1.353389605,1.4416142166379642
895,0.37743169,0.5720446562768928
10554,0.918045875,1.2209216653673582
10710,-0.756051615,-0.4036230749300885
7781,-0.268507866,0.036058401544291574
1808,1.233406995,0.75904978439036
5832,0.513554325,0.18259901063007195
8554,-0.012886087,0.26999549896917013
3736,-0.570765988,-0.7081205038547468
4814,0.117648418,0.20985210301239102
8619,-0.704387565,-0.22903925245288242
4416,0.146921881,0.22554192372601767
7885,0.594411456,0.7369890374151935
1814,-0.937389452,-1.0179486463717498
8047,0.050476709,-0.1615353215119017
2850,1.413893165,1.249412526522477
265,0.682650763,0.30831580841054523
4433,-0.731337779,-0.8998051028991876
4971,-0.110834143,-0.13514793241652312
7553,-0.310573625,-0.6568226404338624
421,0.739264183,1.2658664357329612
2937,0.529445909,0.46058131239189587
6525,0.687974295,0.7728902436775961
5917,0.085640756,-0.47639163518638505
3301,0.834327152,0.5529494790390803
6005,-1.100913015,-0.8497666691005846
8884,0.464702765,0.9860982605370561
10823,-0.006464255,0.10516018860021588
10807,0.838893315,0.8353230680717315
2939,-0.940862033,-1.058603364818262
5952,-0.440690811,-0.6556628575272315
10214,-0.103791021,-0.6777931214168409
2091,-0.953376004,-0.8632336961167515
8707,-0.741938985,-0.6191967081672018
3884,-0.723307155,-0.742530484244615
5703,-0.52795078,-0.7091084593710864
3951,-0.974303463,-1.2245880060103875
5594,-0.584715223,-0.24723545940902775
292,0.968751933,0.7919425059167365
1829,0.924539421,0.9301943078834543
2769,-0.195857065,-0.2547970400284291
5921,-0.86722694,-0.8188370772011915
8677,-0.545381485,-0.4116781128754229
5505,-0.123781728,0.1287525044352038
7352,0.935902187,0.7850415608987134
7722,-0.605153013,-0.5555809979805224
436,-0.503201074,-0.014616410328612495
4260,-0.245903834,0.05338578907607333
968,-0.535437448,-0.5474848331933031
9044,0.230651989,0.14019410026919588
3038,0.358074872,0.0692551024146163
7369,0.418501306,0.2668543793666467
3364,1.053375255,0.8406689677108529
5213,0.835351661,0.9551469415157393
2027,-0.563105635,-0.1914217291181688
8540,-0.750802354,-0.8470375125555997
9517,1.922032713,2.279191606115303
10,-0.612639545,-0.7516648528437386
4134,-0.972452681,-1.0056964490837264
7318,0.646823806,0.7534252646770411
9688,-0.174645575,-0.18008584805242453
965,-1.037998102,-0.6059629373651582
9839,-0.629076446,-0.9957858304961718
2431,-0.966606043,-1.2725053446076346
1839,-0.487429084,-0.549864141181762
7916,-1.519941165,-1.6023342898098893
7130,-0.726786745,-0.7490903439275572
6318,-0.712300345,-0.4251088982219406
7673,-0.292809865,-0.379804271330992
2114,-0.055936945,0.16631035862603777
254,-0.547188276,-1.002999265786204
592,-0.068038936,0.07565501172391756
8886,0.531438475,0.6330659236841097
3116,0.059627081,0.0013463414064442125
4952,-0.313268608,-0.07629269134574435
10803,-1.280983285,-1.2678131250629836
834,-0.741729534,-0.7521350002160343
871,0.325671693,0.08618251963846388
5402,0.147133449,0.307442918590915
3082,0.893935185,0.3038142739238544
8329,-0.311321905,-0.3487983835970696
830,-0.539702696,-0.9430378493102831
1592,0.975378177,1.1063461182473002
9243,-1.307712455,-1.6397323513188353
5112,-0.288706932,-0.3006752471255136
6224,-1.054384185,-0.8981573488923866
8348,-0.627686896,-0.4525219893147997
17,-0.590040355,-0.4957661552214178
10271,-0.129515031,-0.24663778692649
950,0.251688294,0.17931747664310102
2149,-0.306850803,-0.7998074463462501
10638,0.384633319,0.24651561920300344
8025,-0.33586739,-0.3769642633081827
2063,-1.625909685,-1.656876210879749
10037,-0.644186927,-0.7380656171570043
3481,-0.082740294,-0.8636814203481896
2435,0.384064873,0.2732067943499924
8001,-0.299984962,-0.4510800401126789
1420,0.02014037,0.18162919371488986
5163,0.500917222,0.5057248066885481
784,-0.56698415,-0.3990470156206881
9729,-0.851870885,-0.735566921290146
9735,-0.576271095,-0.6193455716136402
1493,0.34982166,0.40518705095911106
2008,-1.784500625,-1.5867269244702784
7800,-0.187779578,-0.4378590628899219
6012,-0.383523231,-0.32364010547916516
6017,-1.067521085,-1.00922104599853
1836,-0.264471113,-0.6075889751961985
3460,-0.382002659,0.12671420434325958
1785,0.215742464,-0.2215229858394792
9185,0.217378548,0.1975448298143979
4174,-1.058187588,-1.1108011247696072
2269,0.962858763,0.9384019610695062
6684,-0.899851435,-0.8950139986298582
9271,-1.294993665,-0.9114631776102855
3273,0.941431295,1.1577719037636744
1801,0.518452238,0.5002539938556138
461,-0.5701921,-0.5596130344084814
5980,-0.13113819,-0.43067044586301545
9002,0.459587348,0.6091943216406633
6426,-0.959702565,-1.204022021233897
9887,0.308873435,0.20821868539008015
7933,0.35336691,0.7614173492484038
7936,0.162655102,-0.5029158877853298
392,-0.354600931,-0.7506708931061927
10194,-0.069771485,-0.1701526413590887
1303,-0.400917428,-0.6276409758478534
2642,-0.976163361,-1.2304535395857255
9816,0.145108106,0.1794007319177743
1910,-1.168283175,-0.6485286751544724
10701,0.165977741,0.3498253375007964
2734,-0.713666978,-0.11754864449016766
6645,-0.852579385,-0.3130353588585647
6778,-6.257919145,-6.010688275943288
9305,0.117979275,0.3991894992761039
835,-0.615139863,-0.5448754432390438
2546,-0.400912121,-0.8141973712262711
9283,2.253331765,2.463940862100198
525,-0.849193003,-1.3906576331993556
1028,0.089998931,0.274054322819125
9747,-0.375327505,-0.7224264416993091
4560,-0.60661372,-0.9276711888682996
2195,-0.067405885,-0.26600053833898274
9561,-0.554381505,-0.7954117872513772
1703,-0.285753001,0.047156951586866946
9365,-3.853380995,-4.303621599578653
1290,-0.421443655,-0.3048700736407107
6093,-0.372628881,-0.6339867900022893
4212,0.913041386,1.15239451996873
10733,-0.756421355,-0.9178924940224367
1228,-0.492425366,-0.2032616309615271
8491,-0.43921228,-0.7305308887323199
6048,-0.296109345,-0.6996136901792007
4446,-0.301826629,-0.56530560484704
5393,0.910288002,0.9550905753179642
6795,-1.188189275,-0.7684208899786522
4678,-0.425848361,-0.16741740331015853
2436,-0.80731033,-0.8467521087015003
2656,0.670658434,0.3430782638814061
10087,-0.258353025,-0.6728837815703113
5252,-0.098965626,-0.23899326958543216
6783,-9.788820615,-9.868498404978723
4889,0.093250147,0.28404047221352136
9971,0.498619255,0.7090362231428498
396,-0.996729045,-1.5106694037272632
6734,-1.191672645,-1.0071892532905866
10409,2.305595745,2.3636942743550398
7777,-1.856067077,-2.1617280641200205
5811,-0.346936165,0.08564655558578022
207,0.766299373,0.9204351582736626
1988,-1.401373835,-1.5938183135668857
4110,-0.903549375,-0.5597403317573805
8742,-0.558363885,-0.519028087597456
1494,-0.411056797,0.051576188770362685
9602,-1.123484955,-1.0664179884465317
6415,-0.635015705,-0.8390677479043853
2288,0.96444682,0.7851937615925075
1595,0.861421391,0.5585021795870189
8584,-0.222048702,-0.3018247242586656
6472,-0.389373895,-0.3505634929888545
9624,-0.081477445,-0.4495816681865607
8198,-0.113591201,0.5483494929654017
1872,-0.146219555,-0.23862984025572237
7049,-0.050639675,-0.3965649745219347
10387,-0.183158405,-0.30673537531578593
4270,-0.896784217,-0.9364251936704642
3361,0.186126818,-0.32007648613321316
5203,0.328297863,0.5595229258856362
5947,-0.304211163,0.04556379307656683
8322,-0.473325423,0.06896381870120571
2521,-0.254636511,0.6409411897810229
1581,-0.667871716,-0.3232805111713854
6041,-0.221458895,0.14408516946150596
5681,0.378928725,0.27638217892615935
10467,-0.247919865,0.09962173394199828
482,-0.423668321,-0.9056022170772717
772,1.286213271,1.4759355927166564
6271,0.895892775,1.118439463317038
6087,-0.286619195,-0.7509596618927094
5661,0.368486084,0.091762188546814
5124,-0.869538139,-0.6627888018776993
5391,0.71696976,0.7654793180114259
1564,-0.190886089,0.030167080127730006
1271,-0.683920037,-0.5011786007278469
3287,0.889945452,0.826445357420647
9599,-0.645721715,-0.7429747733121923
9795,-0.922539495,-0.549027192533023
3083,0.838048581,0.5028926424878992
3627,1.390884988,1.6200939224718578
9001,-0.625478148,-0.3034543372768665
3767,-1.093021561,-0.7019691814195723
1465,0.753638868,0.9302123893261829
5872,-0.008866421,0.09924419377145832
9901,-0.279894117,-0.16891643309868293
2232,-0.411547435,-1.0025785803135507
8309,-0.668850781,-0.7483702800665738
991,-0.310503251,-0.9230237115272871
7809,-1.658822836,-2.2356543676187006
5804,0.297902339,0.6510578279553016
1154,0.732711818,1.2253163660409108
721,-0.750446837,-1.2634973547969877
2784,-0.761863373,-0.908024249358478
8218,-0.430971313,-0.49718994008751
7576,-0.872307033,-1.5181810877272546
3581,0.799205419,1.1986071375965208
7488,-0.055727962,0.019460507630990616
8681,-1.105467065,-1.0747046330547434
3207,-0.125131549,0.12392599455878303
2319,0.044001488,-0.2860447818915085
997,-0.679119677,-0.486866818619897
6189,-0.275693075,0.1078794753818123
7741,0.709005804,0.6668397583492706
5664,0.739839023,0.5935489967135112
6201,-0.387173635,-0.7163167298886441
1807,0.690279746,0.8428972529689801
7022,-0.654959565,-0.8219931968530099
10408,-0.521938295,-0.17543902683751472
7978,-0.204429875,-0.1787758761081203
8354,-0.839092682,-0.18105781691348433
7012,-0.819513095,-0.5576679700464997
2261,-0.928362076,-0.8070736495114907
10431,0.661039025,0.9693546496338601
8743,-0.579934525,-0.31448175015965246
10739,-0.945707575,-1.382175224586793
7920,-3.139945327,-2.746763553155961
4021,-0.146476158,-0.5735809490651769
6155,0.198890182,0.333435818258932
2396,-0.365370244,-0.641928187937594
6608,2.204920875,1.968768654003901
1857,0.479879578,0.40486562362031414
7863,0.115692328,-0.07714058686998439
3399,-0.248892052,-0.37021127895518835
1720,-0.994777308,-0.8408455685471752
10593,-0.289728039,-0.03912800839054942
3919,-0.799715905,-0.8175404593817482
4781,-0.794004371,-0.7065352679954082
4607,0.000240276,0.1470166365228983
8203,0.102676583,-0.13776859354930204
2871,0.281303395,0.4188194060654453
5564,0.494698197,0.5041456656785988
3214,0.949329535,1.170016134173724
7912,-2.417910885,-2.4815377859761276
9723,-0.733796065,-0.7266020592953222
2378,-0.237485992,-0.3615255403369828
8951,-1.173616335,-1.5368391229887493
723,-0.310962851,-0.0879836227931855
9421,-0.271287577,-0.18721679319925172
10346,-0.81758426,-0.5512430793263454
4079,0.27006142,0.1783756866795061
4860,0.064791393,-0.07794724020147034
2875,0.911933747,0.6390287219054499
1481,-0.20574092,-0.3175908656275301
3181,0.688982443,0.8456252067801807
3757,0.493666069,1.106288881043123
2143,-0.028647601,0.04453835837255007
2200,-0.464915695,0.07638873793602291
5460,-0.592400398,-0.6033773903028793
10143,0.891672014,0.6441222440763386
8785,-1.856664975,-1.78908797040492
4281,0.77266398,0.31909895413103595
4062,-1.050273701,-1.3355469199061696
9789,-0.924264265,-1.104530417756144
7115,-0.836020725,-0.966037595005846
7420,-0.352998808,-0.4814942853393267
8273,1.175179124,1.0586086578526392
3616,0.432898831,0.13715768839965198
1446,-1.087552753,-1.246137757524927
3541,0.497315115,0.9326155464394008
1942,-0.629817135,-0.5490790526264678
8412,-0.700670005,-1.0180209905830702
1743,-1.011319653,-0.6627561622175429
4543,0.733041483,0.553741178023543
8478,-0.484924276,0.17937470676697898
4950,0.770520131,0.8425818841838669
10192,-0.525713655,-0.2025255530952922
1675,0.692033656,0.5953375152365981
3857,0.660926826,0.83833159852752
119,-0.926745311,-0.7011654011939678
10666,-0.719407585,-0.46382886376274723
10509,-1.074210105,-1.4135306939804912
5047,-0.794108727,-0.8007191862012811
4119,-0.695944068,-1.0078860273080652
7178,-0.887497885,-1.0118870376442093
1170,-0.184438624,0.04323995293602953
5245,-0.802408607,-0.8063999976135906
3986,-0.900608505,-0.7346637580862373
6151,-0.405070157,-0.6701858992073189
903,-0.500023601,-0.1164880422178104
9945,-0.637658755,-1.1722932795954486
10730,-0.218677645,-0.689775389275905
6465,0.614557345,0.8572911822194136
6188,-0.219771995,-0.22668716182563986
5338,0.83085185,0.7266959014663212
9274,-1.292375275,-1.4878080399591043
3161,-0.279501537,-0.14273027844878922
6149,-0.292794855,-0.2155145977805612
10247,-0.615999607,-0.4265740251182781
3142,0.131617382,0.1018890919276193
2834,-0.144235573,-0.21725076681250544
9772,-0.327991069,-0.7554207651164468
3972,-0.335869431,-0.2316009468589344
5372,0.870510946,0.5416448485394305
520,0.289998521,-0.21082306333641154
385,0.361748817,0.4068669529428623
5837,-0.347708015,0.08561564351652623
7148,-0.991968235,-0.5820514114436685
8244,0.507319607,0.29578645095021183
9346,-1.044066082,-0.9448059734780947
4423,-0.704130749,-0.4203698558947563
10190,-0.526190565,-0.7770490202112513
6736,-1.189352145,-0.9458404735160203
5137,-0.82957482,-0.610892461628865
863,0.466116992,1.0048802939286565
4681,-0.75827011,-0.9311959829004531
2449,-0.263753549,-0.4709158646948778
4909,-0.292937894,-0.5399983851877548
9264,-1.281515805,-1.5614515316058424
9172,-0.046939955,0.14242735209153493
438,0.69719307,0.18617833819345364
7183,-0.491322765,-0.7706232784897324
8934,-2.203535535,-2.0154724159412933
168,-0.304939747,-0.37855618180086115
5238,0.365927261,0.419901571863925
9030,-0.205889485,-0.20949669367395646
8783,-2.618093245,-2.967492249553718
3978,-1.190422941,-1.0199919794614063
2948,-0.706433648,-0.7625024954485954
2823,0.723905942,0.3023489879589275
10133,1.124269073,1.0421807898820195
3609,-0.347514679,-0.4720788093715814
9566,-0.258328095,-0.554260244729774
7180,0.470484555,0.5648179322624558
4696,-0.240716528,-0.08766928732544499
4994,-1.070570128,-1.2677818941984174
10182,-0.302497117,-0.0814681134496309
7209,-0.508908935,-0.16250080498498398
8853,-0.519075805,-1.1195978552428785
7227,-0.717852175,-0.73309241158586
681,-0.958903725,-1.2976192563651687
1623,-0.880356841,-1.0808000666616981
1521,-1.128422075,-0.9537927639594153
6907,-1.097495675,-1.2048928053240007
9169,-0.629268365,-0.5266006911726964
4837,-0.752395036,-0.9800246133806125
2135,1.002242616,0.8301620841309297
7019,-0.610713115,-0.5941533422409733
5202,0.177361079,0.22219790589899285
4752,-0.693567017,-0.7643419757936372
3201,-0.07981303,0.04782042925525169
9223,0.328965105,-0.1299671190328009
6848,-1.042302365,-0.2833240402244144
6726,-1.190920435,-1.4331978370294889
5827,0.312005455,0.32231804770793804
3021,0.679706355,0.5407579463743803
459,1.49324986,1.1338864922233454
8445,-0.280095325,-0.5354494697342456
8738,-0.764829045,-0.3213926771701548
4459,-0.777736317,-0.579120766572458
4371,-1.097057417,-1.2608699566450163
6867,0.065990115,-0.1758074043178246
8919,-0.885711735,-0.637934660090804
8588,0.171484781,-0.03839546161070914
9676,0.970678125,0.6627720382830311
4289,0.901898597,1.0835804667893938
5161,-0.746565813,-1.3689578242639104
5573,-0.593258918,-0.7056191632250752
10196,-0.483177033,-0.40142163593112207
6927,0.385850484,0.046530313349223695
10798,0.852898105,0.8660112240975951
6741,-0.906256435,-1.0241834952104385
1201,0.766398694,0.6375770316624242
6635,-0.877051895,-0.995135369609903
4284,0.867115781,0.6333879591869898
3535,0.353689214,0.832021931524759
2705,-0.022366669,0.291159873225426
8597,-0.401868601,-0.0874335732192536
2662,-0.707433938,-0.5282654725239846
4483,-0.559632994,-0.393616299077672
10716,0.592798229,0.6066617101012751
1978,-0.674356435,-0.9062197353470827
1280,0.782872738,0.8229350094346847
9370,0.972487282,0.5207375604008139
955,0.050117519,0.3853062684764383
10096,-0.828075881,-0.6261357733301094
4388,-0.905338932,-0.8615879909353849
2337,-0.758975293,-0.744043186845712
7972,0.120650451,-0.07578048168718475
7692,0.111684368,0.5595852993329611
514,1.482751572,1.3097201728295
1946,-1.158645295,-1.045515176829344
6884,-0.944425195,-0.8903367308489667
1940,-0.595686645,-0.5032714831487693
4317,-0.693021429,-0.35464873102392924
2528,-1.10373373,-0.4867706605511377
2420,-0.709968135,-0.39577282301356553
8958,-0.564052785,-0.2781499355357851
4176,-0.401255121,-0.4040416894703447
4106,-1.219360615,-1.3076333666909372
2975,-0.701470428,-0.6697442906185559
1663,0.453774996,0.2714283998716702
4452,-0.994843976,-0.6499423703363758
7301,0.997878633,0.8433970210700183
3084,0.181627688,0.12587396234217582
6204,1.371159235,1.022539488923115
4194,-0.942918397,-1.6589973580587019
5871,0.629335226,0.6918319785876776
1075,-0.41646125,-0.5645882249483938
804,0.677449443,0.5471005747703053
6672,-1.217045835,-1.1063409036524499
7510,-0.565124796,-0.04166637401295192
3822,0.367815459,0.3543475499632389
1397,-0.169710462,-0.46119467355319543
5312,-0.140035768,-0.3815643223091526
4360,-0.163297691,-0.07107662008409348
9673,-1.408623185,-1.8889775446434718
10128,1.251879171,1.3017213549234992
7408,-2.846766191,-3.409268407241581
4875,-0.735686158,-1.0400300760122243
1585,0.016381661,0.22431334317894322
6759,-1.186206445,-1.138777982239957
836,1.411789453,1.876939600844223
3476,-0.048812189,0.24453247590586008
9966,-0.576570805,-0.7225601614567807
3373,1.017162889,1.5593218820913655
4734,1.350974323,1.4382585323018455
2921,-0.012374921,0.21112667286318432
1408,-0.461962085,-0.5587660366526408
2020,-0.660822395,-0.6428426059201015
8867,-1.958509745,-2.2127519121695194
1886,-0.165698685,-0.40857974097649385
619,-0.054815292,0.01234991528373941
2103,-0.229145975,0.10848446032443082
10141,-0.523769725,-0.2979024005518645
143,0.917425957,0.9728161145596912
10191,-0.480149705,-0.5598982146940976
3179,0.710748285,0.8654367115331869
1111,0.711543946,0.7767738079539169
7498,-0.696879051,-1.5290235329801751
5479,1.060242728,1.3899377352325895
9821,-0.468992265,-0.3505278179992267
9604,0.043779295,0.3009268115269865
2432,0.332604745,0.32553909973772854
133,-0.889575513,-0.7474977838094455
1334,0.654099898,0.6987001351606335
999,-0.322432313,-0.15065747859315246
7778,-0.187779578,-0.2561108717370904
7,0.039112419,0.26934283774587264
4705,0.575411107,0.5368132730943832
10088,-0.025697815,0.20531721767527572
8179,0.00790722,-0.06788024064079104
234,1.04883558,1.6920188067975976
10067,-0.900714005,-0.7705890992117113
6657,-0.876861815,-0.4160147831435165
3772,-1.019098843,-1.2536998907533112
3721,-0.317902434,0.19304934897541132
3676,0.664496552,0.6864556493005084
2869,-0.637964908,-0.2692707572532815
10624,-1.006483295,-0.6470156770396139
4715,-0.796087539,-0.8074554635150493
10804,-1.171743645,-0.8925836492026227
5181,0.154764065,0.020867910429696546
5120,-0.611105368,-1.0252849797698953
2363,-0.212617372,0.12118914049697757
2241,0.121916733,0.29724062714174526
518,1.155551416,1.1853511076287677
3403,0.478643752,0.4489901916282082
4085,0.081621226,0.014325534736568571
2054,-0.459112775,-0.8628740520419644
3775,-0.584888016,-0.4434253018745382
4293,0.719355654,0.6568151908378776
7135,-0.779864815,-0.6250216031240862
37,0.067639881,-0.5202611561639326
4223,0.518728298,0.8722821049395268
10069,-0.902212015,-1.0079758878209861
1117,0.144000467,0.1267148278899244
8342,0.045372942,0.8204450400499701
3499,-0.224447658,-0.33144959825396136
5134,0.397896692,-0.07677025802394327
10655,-0.712647865,-0.2762863267336727
9468,-1.204036235,-1.409479867921669
6418,-0.958449875,-0.8110162217316794
6921,-1.030695425,-1.2199493458841566
2672,0.285929738,0.3640624170000668
2252,0.883239207,0.4478864999845324
5053,-0.069835432,-0.15122992542048924
4068,-0.477802784,-0.8345725235231387
670,0.899672705,1.2734982627492886
4019,-0.622612654,-0.649040027208722
964,-0.037270752,-0.06419146028616801
3379,-0.53898935,-0.757471010721984
4623,-0.123299406,0.10823944717069833
7306,-0.711863303,-0.4053727388517176
5265,0.012694383,-0.23288712499802358
7287,-1.655192769,-1.3410098464321611
7973,0.500892482,0.3477099322107262
1933,-0.593657205,-0.6254417112912407
9939,-0.365380177,-0.9387279745781463
1863,0.548954023,0.02439443102854577
2919,-0.98445467,-0.5956931354410957
2983,-0.525895096,-0.439277997152493
262,0.707921703,-0.2644584990207217
8466,-0.427580638,-0.24646666583674118
5971,-0.265839438,-0.2656127857636213
10285,-0.57225826,-0.4780514792541657
1589,-0.557677992,-0.5318348270860875
6333,-0.653217575,-0.7397901101462303
2173,-0.472320015,-0.4267926173253779
7856,0.344905243,-0.016901468422435673
5558,-0.35686451,-0.3656294317561956
10393,0.990164225,0.882378633708075
7175,-0.750150605,-0.6422463506941036
4599,-0.462176919,-0.06911934657573093
9868,0.543010376,0.6569202792251337
9100,-1.505012985,-1.6073408646424825
8705,-0.735949445,-0.5368700844317712
297,0.189859812,0.2820496682629828
5048,-0.998246488,-0.6616880365617244
8134,0.299668167,-0.15941557377893628
6187,1.977762255,2.3278984914009895
7218,-0.003994115,-0.3383538095024185
6925,-1.025759985,-1.4222267209533155
806,-0.03837363,0.028266501490113845
2857,-0.658162014,-0.7273194015540752
9711,-0.131394875,0.07199611626895852
3438,0.193186267,-0.19330601823906132
5427,0.929335971,0.9233063454691045
103,-0.705577578,-0.9462607587664856
9811,-0.188308385,-0.3988955744885365
4087,-0.915639529,-0.89169908378238
7040,-0.555011055,-0.3250945120282802
4211,-0.832894473,-0.9943088005470415
7544,-0.660281365,-0.34283033685276953
10821,0.862675428,0.8434142895141858
7489,-0.34842177,-0.10585046793296501
2022,-1.603868245,-1.1956706662484047
4654,-0.71537735,-0.5043453100583317
828,0.447233244,0.3211771988712428
6999,-0.951294675,-0.8316655456725557
8159,0.118716606,-0.10986576544052512
4873,0.53097138,0.6008318062280694
5211,0.215667768,-0.10788605440937912
3139,-0.23496132,-0.31525364726963806
3918,0.134393215,0.4192715864093465
4542,0.079090568,-0.4672352527883489
202,-0.584647739,-0.2597323660474169
1631,-0.727723835,-0.9816308314972622
10325,-0.494414246,-0.8886741048869328
680,-0.976523232,-0.7600216127870295
2434,0.750162342,0.8177547186122824
3764,-1.024910651,-0.9571821940664735
7744,0.420043901,0.5357571531594357
2741,0.278030138,0.41701669703543187
1830,0.501342626,0.7138069529769672
4621,-0.230595253,0.28727271069068977
1445,-1.101990025,-1.297397093137549
7991,-0.321206849,-0.32849279770100775
9246,1.054272188,1.169308692456265
6960,-0.097331174,0.2376732085202567
6049,-0.227728785,-0.4860436866496726
7611,-0.083191531,-1.189701118428533
9572,-0.911350035,-1.0581743053483261
8212,0.061836988,-0.17427389567998966
3366,0.26117323,0.10340932723143881
3794,-0.966866864,-0.9645028085915816
93,-0.165294599,-0.26359324297933046
6597,-0.748846105,-0.9311932727846873
7199,-0.867377765,-1.31113657050733
3849,-1.015586534,-1.4455320783574137
3526,-0.243000651,-0.30238196969540454
2589,-0.308433825,-0.3274911973846065
10299,0.98127951,1.1150074653651387
10831,0.090629555,0.17599959214235789
9228,-0.903087495,-1.4335045107523192
2397,-0.824627927,-1.1258151386244495
8461,-0.561897253,-1.2105069429782316
2673,0.317965157,0.15631260014217851
5162,-0.199778633,-0.22736566778127976
5845,0.601283146,0.4377272725821034
9855,0.557315673,0.7348160879079393
4879,-0.949776482,-0.6594286747924387
1952,-1.211867185,-1.4835868752587857
9719,-0.547316205,-0.731279772742799
4202,-0.932111668,-1.227773548216279
5159,0.904703818,0.565650199154595
1119,-1.074722041,-0.7595257221977164
4458,-0.975764715,-1.4412183897176787
8957,-0.952205325,-1.05942983945121
8219,0.286748678,-0.11305485430756113
8630,-0.401794725,-0.8001343270438293
3146,0.574802388,0.36251461955339226
5437,-0.18861149,0.16658474295906678
4454,-0.974838983,-0.5945435296436079
617,-1.002887797,-0.7851578098303925
10526,-0.518903185,-0.6878275081157121
5476,-0.652061085,-0.7070512978578593
6157,0.521190445,0.2457847265083105
2030,-0.705884985,-0.46374820600880684
10784,2.196367905,2.6704698362468906
2640,-0.725657266,-0.182865361080067
7327,-0.039941007,0.0824997668335069
5174,-0.825481412,-0.6605764561129222
9171,-0.839685665,-0.8263147817332185
7882,-2.041862197,-1.656187526691496
8035,-0.278334905,0.31727921357808797
1341,-0.389756951,-0.38884314495397565
7857,0.533306252,0.267515031830667
2225,0.181114073,0.5775052826819036
5378,0.413956715,0.596577391737325
5622,-0.172882902,-0.45487325074501994
6268,0.021325205,0.3114786417316849
2038,-1.108969285,-1.1166415786575983
8498,-0.118792657,-0.6527551894624501
9998,-1.012359355,-0.8636296830953469
3280,0.947865563,0.6893546419231226
10176,-0.480885975,-0.5042627957035548
685,-0.464408253,-0.2505087239482836
9589,-0.207132275,0.03241812637216604
3328,0.659171964,0.3315228741845731
569,-0.609956231,-0.7154102762123926
3039,0.824397038,0.762413654091186
7984,-0.471905806,-0.4004544141581115
164,-0.959658569,-0.6706457302267035
10706,-1.163359725,-1.1536802817686242
2176,-0.678705725,-1.1610040331354177
7299,-3.356589245,-3.0201394814450215
597,-0.546526087,-0.8401552017346923
6050,-0.034160219,0.37899406195136837
4043,-0.632565898,-0.5426715916487955
9825,-1.044646795,-1.5048842030346554
236,0.637663678,0.030120902002717886
9515,-0.006503755,-0.41053945363463035
8889,-2.860729375,-2.9397564655358512
10132,0.136303454,-0.12034135477767438
6851,-0.552090345,-0.7785502039715763
1137,-0.102583924,-0.4708662685410977
478,-0.370424487,0.5532397555365713
6464,-0.028827025,-0.39115484276300566
7389,0.25200661,0.5019604393810546
3461,-0.319199601,0.24998700743193347
6787,0.900801875,0.561157132785198
732,-0.665646097,-0.5431702702856585
9536,-0.573213965,-0.8126757879074462
5188,0.764128585,0.48873575361677923
9452,2.206636275,2.0189043618804674
7976,-0.115457221,-0.41181699404193156
4218,-0.152838322,-0.05550074069424489
1172,-0.433537346,-0.4022770148144372
7884,-0.913591464,-0.8711127279780352
10440,-0.808707105,-0.9041974092313002
5618,0.733037266,0.8501471243186127
7622,0.011370073,-0.22956317718599434
7530,-0.337768095,0.040486760999792926
5621,0.128067657,-0.4057520221521662
647,-0.76733014,-0.7836185999553437
970,-0.828113977,-0.7896826525267632
4258,0.963987083,0.9364752757564623
8750,-0.570424295,-0.3061056387858004
8507,-0.184528829,-0.4359817736994594
4886,0.277721289,0.046189701782137466
7405,-0.179240509,0.3204404551059582
581,0.316759284,0.1921729098297596
7164,0.079502075,-0.14321383612922037
8014,-0.168136148,-0.281352103238663
3557,-0.347919448,-0.31099598750314567
8805,-0.804629945,-1.408848927271329
1009,-0.208092663,-0.3686632264681704
8629,-0.415975255,-0.6213073756258548
9606,19.81624898,18.975675509153632
4306,-0.611316664,-0.8003241578601683
5452,-0.201349819,0.310027808989213
4015,-1.222981361,-1.3967185938907238
4101,-0.662635157,-0.8962862698461304
10034,0.507142235,-0.08590423568427719
7757,-3.04476446,-2.3494734233978365
8485,-0.542700302,-0.31554725566939323
2400,-0.591700113,-0.8082213790011761
6570,-0.239647801,-0.2795487501790191
3226,-0.186978202,-0.4410334918376094
326,0.322866063,0.6702993250500203
6244,-1.061115405,-1.2425874341784524
7410,-0.522272195,-0.20660884821288245
10263,-0.244235232,-0.29115801563784083
1893,-1.337203665,-1.3700866061777492
9150,-0.514875835,-0.3172862491628471
4990,-0.718047059,-1.3478539383257075
8833,0.715396725,0.9984760578818836
10552,-0.164437848,-0.5537563607043697
7590,-0.893045237,-1.1469945778606723
7601,0.211083748,0.05835560640652915
669,0.270913545,0.5983656005767385
2194,-0.634148445,-0.5772365947168813
4745,0.47352189,0.3879936128873958
8699,0.366753675,0.01261552943037536
4313,-1.146604449,-1.0315739395789068
10391,0.091665625,0.456682672749384
4294,0.774571225,1.1365536714591746
9481,-0.514521085,-0.6450955441015506
7414,-0.590127525,0.09650967326408677
5454,-0.071144435,0.22166778080678395
8133,0.346687808,0.8964561801068037
1973,-0.671849045,-0.6134281865843675
8336,-0.411087274,-0.7021686717724717
4698,0.412192873,0.45008713284496005
4774,0.503530876,-0.19256380346912694
4647,0.335700856,0.32533566881381093
9682,-0.799371415,-0.5030528602226201
4754,-0.424300306,-0.5847273072532969
4078,-0.675361785,-0.7918658664903475
275,0.471307563,0.6099386052789812
9190,-1.212051075,-1.4939206251761874
9920,-1.062338004,-1.3712212953268201
6165,-0.377739335,-0.5612672268513754
6328,0.637548365,1.0551599904761275
5117,-0.02983252,-0.20666823998161554
9957,-0.302025952,-0.6124053398819964
4482,-0.118582857,-0.3721290445278477
4506,-0.276576097,-0.06943429116354613
6095,0.078074875,0.2995460442448486
10501,-1.194572815,-0.7943733592369224
3407,-0.092367546,-0.05451417490140984
1823,-0.116649896,-0.3116506702470379
2978,-0.971051567,-0.808007753398972
2661,-0.991223638,-1.2597445906829814
9556,-0.444993165,-0.8866993834532333
2748,-0.956346807,-0.840449811656532
3065,0.830721372,0.9271993354017716
1896,-0.148653815,-0.2262926338001307
4691,1.036602974,1.1095304922982097
8627,-0.563216135,-0.2749364814175216
1006,0.491120988,0.7596789540083196
6390,0.648810958,0.06625336018617822
10614,1.898240895,1.952775264776148
3942,0.196616671,0.017524384983677838
2461,-0.777539307,-0.5547345814920832
3415,-0.297241239,-0.34134886602925496
1476,0.368334653,0.3320502084176655
3262,0.773840192,0.5024558795018701
4175,-0.267419195,-0.11996750082596491
2366,-0.400816882,-0.5615573209156893
2707,0.412658732,0.41982964498548664
7137,-0.782380185,-0.965733330605798
8029,-0.356284772,-0.331411216048388
3914,-0.403560605,-0.8532653931375204
134,-0.997380077,-1.2732073472701408
10456,1.068359995,0.9087805425123723
8567,-0.989087,-0.830842750091681
9632,-0.081821635,-0.17126739285997009
10492,-1.158542835,-1.4849107386327773
3351,1.132215206,1.029942842796176
435,-0.263818176,-0.24158974187406745
3200,1.16451403,1.2200666910489744
10437,1.047610659,0.9428320933956116
6277,-0.863868965,-0.918927416647146
764,0.205453431,0.5502354288857028
7918,-2.161252489,-2.3679860283165373
10472,0.207524805,0.0584155978002274
2882,-0.559357887,-0.7414174403571526
7804,0.045278656,-0.002889226850539217
3422,0.168635477,0.29638857458894874
9860,-0.386167905,-0.204546553571176
1177,-0.676560311,-0.706062199038425
574,0.329659793,0.5784814673550467
605,-0.419432053,0.14360669076741978
316,0.356806278,0.5613921693884891
146,0.432848218,0.06176300473657542
10481,-1.696100565,-1.769855060233195
1706,0.189483206,0.39125531636081934
2303,0.302479566,0.3775396278755083
6353,-0.5921304549999999,-0.37178743149963456
6997,-0.655427825,-0.813644543491886
8375,0.346148667,0.2843967090235968
9424,-1.458430441,-1.1977909395083353
7623,0.061465077,-0.15809211552476576
10800,0.755878909,0.5855365563447683
9716,-0.859999655,-0.7823334002861883
7069,0.308073115,-0.3161490426172935
6520,1.155744855,1.051297635954806
6355,-1.226722735,-1.2973049079917318
10335,-1.014443015,-1.0345460275175662
7284,0.0848102,0.45972332605529553
10760,-0.974356425,-0.6941139923298916
9200,-0.872508785,-0.3732511685648302
9999,0.004850655,0.19816719106145467
819,-0.564609412,-0.2449652994803947
4463,-1.010613926,-0.6617623527395042
1002,0.307004275,0.3248933859760522
8620,1.120603105,0.8835979759554377
3486,0.366915851,0.8259744106590055
6252,-0.829621285,-0.03825675932193995
6136,-0.136054878,0.1909166097272491
3137,0.081443808,-0.22490492926809003
3868,-1.046526966,-1.0045607961482619
4649,-0.230167899,-0.29898259855664017
8678,0.803945915,0.9309982772066112
6982,-0.331237505,-0.4143043117306411
1352,-1.059876599,-0.8974377805385637
9882,-0.338192195,-0.697953492528693
3111,0.293930838,0.2089891689768699
9793,-0.372914775,-0.6597554858875617
4561,-0.375418456,0.14029372785254624
7432,-0.725879411,-0.5874977857046506
4187,-0.924424725,-1.139237755882752
1572,-0.604819538,-0.5167521583500112
6526,-0.592412065,-0.6942054211414477
5752,0.556391982,0.9736836894004202
76,0.619489467,0.6456035874714513
8748,-0.567555565,-1.1539334663449827
8979,-7.647534155,-7.714515631529992
2495,-0.526977837,-0.2830162809756068
10147,1.324351386,1.2793070363947683
3005,-0.240447654,-0.6410921247299675
6821,-0.874734705,-0.32456574119268733
8011,-0.515089455,-0.38578256759673213
2505,-1.164993222,-1.4126163809936867
9298,-1.184268715,-1.1452692472595214
2345,-0.833883335,-0.5047375214738914
6088,0.024687256,0.10396368508220172
2077,-0.121203722,0.23996160915064485
8642,-0.967831825,-0.6248233659382516
7383,-0.314462035,-0.5532587080026261
2466,0.419473823,0.19048799174642556
988,-0.007063803,-0.07335305514889917
8284,-0.617821273,-0.9190451628865082
9541,-0.829049875,-1.0011958491730357
1116,-1.113693505,-0.39266882942851755
2044,-1.625909675,-1.87263565471466
6782,-6.257919155,-6.2405599407719725
4920,1.189814902,1.688934751643042
9324,-1.264132845,-1.697788289323597
10561,0.959038995,1.142519463464905
1018,-0.830028842,-0.9261330344582961
5153,1.042070694,0.8833103910565461
1011,-0.293298173,-0.2340182915922801
309,-0.410495563,-0.4711533587301682
813,0.223303827,0.2822702599534724
9384,-0.638888485,-0.8558390166488179
10430,0.207524805,0.08077603637026981
1034,-0.275571589,-0.42052752768981216
7902,-0.070576877,0.04606879607911399
2270,-0.24839109,-0.14408814493849909
696,0.42099834,0.5188382466726355
3130,0.047844416,0.021074169733565323
5547,-0.095763391,0.0449300324445403
3704,-0.367638585,-0.409751102671601
1213,-0.588206444,-0.3197291309166676
1008,0.107387413,0.42225322759580053
1451,-0.689223264,-0.17855878060942865
4215,-0.022608034,0.14489289296351165
10504,-0.941560425,-0.9348103085263681
8392,-0.031854462,0.44038957380972266
2790,-0.327516216,-0.1490073762493306
9653,0.110451265,0.5659778741956539
3305,0.332023238,0.6504345274619401
5516,-0.230531171,-0.07915662665678294
7054,0.115070455,0.15796764544276495
3553,0.492502782,1.245969747475327
6629,-1.566791565,-1.4347735862930564
8360,0.090295263,0.2868653515541282
10629,-1.161101395,-0.617944651473702
1499,-0.240924695,-0.06316661023964507
5421,-0.326054829,-0.6831771497023471
6173,-0.309632445,-0.7057804780215093
1799,0.800985316,0.8073788106015827
5416,0.330037895,0.21530217569921295
2667,-0.472735753,-0.8424927474305527
2295,-1.144754211,-0.9879999794202727
8964,-0.637012935,-0.43689329318149384
181,-0.791206089,-1.0483533559248848
3584,0.789489594,0.8108657189732678
1888,-0.165698695,-0.3078504991212748
7335,-2.278694241,-2.188272120065665
6098,2.974806205,3.0447190904588455
3779,-0.645595388,-0.6714162958372679
10532,-0.972546015,-1.102984423011665
5550,-0.08933783,-0.38116718502800023
3654,-0.018130401,0.026678643681356664
6797,0.927837365,1.3995568280810982
4828,-0.888731552,-0.6116789671857894
6528,-0.592159285,-0.5862794000267115
1413,0.402106565,1.0516072684703253
4935,-0.289773891,-0.12675664263845712
1562,-0.586845602,-1.3141176800818823
8566,-0.802267516,-0.4331295016720074
2357,-0.944564686,-0.9015481457973247
8555,-0.07184785,-0.017471665496484927
3632,0.970405433,0.8996144368367085
4684,-0.068134856,-0.3792546780709988
9014,-7.499177105,-7.56335504490535
6758,-1.185522495,-0.5662564545442769
5784,1.574204135,1.5327794346015555
5259,0.751829175,1.3586062441708444
4729,0.024904403,0.030707624243526285
3623,-0.828708818,-0.814628347381889
6718,-1.332087545,-0.8087123839774255
1220,-0.589161291,-0.9454408167088539
3076,0.635800379,0.8683470272104349
9404,-2.526331179,-2.3392734393522425
180,-1.09170589,-0.9040056856704982
6140,0.680317795,0.5350402894207509
9629,-0.396732225,0.21530794079907561
7508,0.187901408,-0.052199213849591114
4789,-0.467562597,-0.5186400710387716
8082,-0.590840642,-0.7495155557313965
5619,0.484855975,0.4386844069075937
6625,0.289849674,-0.32500468085649753
5589,-0.45831127,0.0037859239459657745
469,0.373401412,0.200655939806596
8015,-0.256796279,0.14665993035420832
7688,-0.131935755,-0.20210509513607816
2166,-0.648760335,-0.8920175883631014
9518,-0.863094475,-0.923300040512599
1027,-0.915210134,-0.8792007359845215
3331,0.958448206,0.4947292699927801
9163,-0.543863295,-0.22346396158230836
1423,-0.533667483,-0.7854303832017019
3657,0.317256844,-0.3086864535113254
253,0.914184128,1.223923706165344
1795,0.926119041,0.7005282414783542
7927,-0.523297633,-0.48070365883779836
8978,-7.940073395,-7.7523980168975
8261,0.544917374,1.0604265727291626
9447,-0.761129245,-0.9269371311350492
2506,-0.152691238,0.7320370895926176
8799,-3.150964005,-2.7946499897584633
9086,-0.970131958,-0.3594725209841215
1192,-0.197282125,-0.3776924181853641
7794,0.072260581,0.09441961132326412
6174,-0.346202005,-0.24495738258208027
2019,-1.626724395,-1.9985019134560418
9430,-0.183031667,0.075794710585806
5542,-0.503244884,-0.1360602580561986
6753,-1.185318645,-1.0755906491721252
4157,-0.667326808,-0.8105500198578401
2559,-0.595659098,-0.3183780561386511
8459,-0.634295861,-0.15743895016884135
10600,-0.226261885,0.13037998735794698
5942,-0.404760083,-0.40442709959381207
10636,0.474534833,0.23659443391581897
4849,-0.732703382,-0.5888950959711733
10405,-0.709961155,-0.39644431143063824
3734,0.646847928,0.8848006344656032
137,-0.80510716,-0.9017256148617028
9847,0.615071291,0.690356597213613
8037,-0.343404671,-0.7644722598690987
4251,0.910849237,0.9740497765609333
5360,-0.581951635,-0.5958300001799027
3860,-1.028911677,-1.1644964885735634
7531,-0.327401015,-0.14240182205866456
1826,0.069056506,-0.2580632172328538
8288,-0.922543738,-1.1126205926481438
2604,-0.586050894,-0.7733545109139672
240,-0.394722076,-0.6324782975298102
5102,-0.88748255,-0.8129850072452354
6633,-1.753193095,-1.9819184801808745
5766,-0.594137709,-0.4062073072638167
6764,-1.186170855,-1.8233687004376908
6553,-0.698895095,-0.9231317911874637
1297,0.229092505,0.1420101417434046
5787,-0.457249074,0.1254246044268899
2612,0.175210971,0.1147635108157446
1209,0.033426736,0.5582997589560817
635,-0.877421005,-1.3738780065597307
1359,-0.097634037,-0.042626061066253315
8363,-0.370449657,-0.5012200977271299
9300,-1.275013529,-1.148639315392706
3663,0.108054228,0.2017676911399715
6221,-1.881978065,-1.8916611332307853
7014,-0.245202188,-0.33792205902147804
10596,-1.342627705,-1.1927600325252392
8379,-0.66645822,-0.5972446952775112
5878,0.502088945,0.25686650467569805
7788,0.19928632,0.18193533628672187
712,0.353200769,0.1897250429573151
1242,-0.129002504,-0.3035067781845931
4859,0.242068389,0.1996106629899155
570,-0.228677395,-0.2231518812431345
2924,-1.004813683,-0.9772879376654882
3969,-1.014177801,-0.6269844627232359
10497,-0.946773215,-0.9206117173888199
6889,-1.147508555,-1.1765365859560668
1538,-0.235509493,-0.5864845437130863
6100,2.728191405,2.5518345135276
8281,-0.466831971,-0.05448647657173222
6482,-0.187097856,-0.45290993009351316
7114,2.187387385,2.5057642625536354
5151,0.033083737,-0.2225836558991972
6571,-0.621052145,-1.0173198297518484
8730,-0.401794725,-0.537160373083163
4059,-0.860587226,-0.9316908170037883
23,0.643843111,0.21641865513596298
3819,-1.08086093,-1.436070097466768
3009,0.771647226,0.6303098304546364
3126,-0.019473011,-0.5922798372521878
9663,-0.679755255,-0.6116465968833165
1004,-0.656650693,-0.447183698915923
10312,0.978166255,0.8081222596592982
8922,-0.967321055,-1.2936456576061004
9142,-0.816757705,-0.7420895142600231
29,0.36809043,0.280582305062017
8935,-0.636362875,-0.6509925705529346
3770,-1.052531158,-0.751983701895419
4278,0.799029089,0.7785920614496141
8253,-0.2902656,-0.59783132572123
6870,1.040378245,1.1630977265002171
3362,-0.085640892,-0.6238086413603671
3307,0.83461709,0.9431154083741049
1825,-2.288006218,-2.1554240231291772
6032,0.863385781,1.014135689838787
5902,-0.545341167,-0.5909313816948116
9667,-0.137093935,-0.25186908781673006
3668,0.378770218,0.33612625691783615
4835,-0.96690496,-0.9390111860411772
5702,-0.414363253,-0.3968521657546313
4345,-0.871745662,-0.8635516480445684
8775,1.072961675,0.65977302821837
2644,-1.051336442,-1.3782263532027166
5692,0.273434679,0.3729289791377288
3304,0.63198752,0.9622339395267816
1869,-0.144528095,-0.26777238138637544
5983,0.343051059,0.46092511216446486
6813,-0.636070615,-1.2681373493878243
1782,0.135769431,-0.3156466812093007
960,0.510401342,0.7032181699602631
984,-0.062830677,-0.06391143872717052
6956,-1.016712535,-0.9883542647234594
6059,-0.672373935,-0.4929441884857601
7393,0.012061242,-0.09146998704575703
6241,1.377964185,1.096191722795398
13,1.078110131,0.5041260576026607
917,0.342830919,0.39881365594690743
454,-0.257214245,-0.41629153051173223
1700,-0.273038209,-0.16784917921793222
6979,-0.338371109,-0.923851982864866
1492,-0.295398076,-0.4646723555972166
3713,0.694074782,0.05429609415354908
10080,-2.659093925,-2.104495004310035
6009,-0.039252465,-0.2903795050845119
9258,-1.299509025,-0.4689969433122172
5755,-0.690483015,-1.0031644914141744
5335,0.37247228,0.2230837259546474
6665,-0.595225225,-0.8724440672023196
7772,-0.187779578,-0.2749120226033448
2389,-0.994286143,-0.6837113425828742
4387,-1.16935303,-1.5991544169218956
8488,-0.296733746,-0.12539137338857792
9784,-0.805539625,-1.2698105632408934
3554,-0.100928519,-0.6529518423517258
2981,-0.487695075,-0.10598902496796964
3202,-0.264833841,-0.1981468842597438
5591,-0.347086099,-0.4232716109191705
6259,0.021512035,-0.07789365472635476
8043,-0.275202603,0.008576272581113542
10251,-0.220198872,0.07811474729761392
7258,0.552782385,0.37746209202119063
7107,0.466502985,0.4216945363051076
1259,-0.269227255,-0.2859579782973118
5713,-0.371636618,-0.25222215304722123
9565,-0.416466415,-0.3854518161363715
3408,-0.204752602,-0.2714950710334796
5729,-0.672236966,-0.6879884865615957
6707,-0.929475645,-0.9197567808949264
5289,-0.391408682,-0.118283132094329
8227,-0.235211801,0.4205073840167723
7823,0.19928632,0.28443969019082105
6543,-0.388503405,-0.441750970132285
10055,0.373971815,0.5040342981417587
3430,0.278217624,0.4181812174350381
4735,0.93104403,1.2183959193324803
3665,0.424731878,0.04737143122733367
2925,-0.385549935,-0.3098778160719968
5194,-0.41061747,-0.9645893843413251
4057,-1.115183464,-0.9805927346456418
3423,-0.014010733,0.11145099376639162
9438,0.599301503,0.8473530922127342
9794,-0.799665985,-0.9769114894274287
3551,0.005407582,-0.4649502456096367
9323,-0.638524805,-1.1229497636873993
8830,-0.835455575,-0.950300819296025
151,-0.058876591,0.045057871849092705
9317,0.118742455,-0.18043703239052464
7434,-3.352805094,-3.4881032991087926
4806,-0.163296875,-0.3850054724069699
2068,-0.228759573,0.198064867829982
3420,0.332973867,0.15076753703633658
3198,0.936952029,0.8252563131186231
6847,-1.043747435,-0.9008753289837003
9219,-1.404736868,-1.5287714790415388
1429,-1.000586667,-1.0836306569666763
10384,-0.378889085,-0.47943202663345774
7821,0.596459546,0.8524642392020438
8415,-0.548283534,-0.459741240198775
7580,-0.766593256,-0.4098253176232644
3502,-0.430648994,-0.41708218130000524
5514,-0.204183884,0.15447553242601278
10557,1.107149655,1.02737239677827
10634,-1.006511665,-0.9133497736257389
6044,-0.544972935,-0.5121014609766426
5708,-0.601596349,-0.8336331022100291
1563,-0.291632428,-0.02641880909168509
3636,0.348614971,0.24687828721898836
5669,-0.08067808,0.31948764365017185
8010,-0.268184515,-0.3546033545053836
4400,0.197191103,0.34338267411349843
9042,1.399714015,1.5207038962500472
8038,0.04062646,0.015491530033280607
10597,-1.307401615,-1.0420688837854788
7364,-0.503686207,-0.19228244880521134
7969,0.178499475,0.5183408841524422
2581,0.695848284,0.8125960427003786
2078,-0.157797318,-0.19963120070429985
3167,0.178199598,0.22561564497603953
1611,-0.567641577,-1.036598819608997
8739,-0.577416585,-1.0221356210987307
452,0.408832947,0.1131151330993369
8927,-0.990073665,-1.0801123010484601
3910,-0.787843034,-1.2124231915772563
4377,-0.650402824,-0.037781928121635944
7292,-0.03174555,-0.2195203553053806
8732,-2.166711545,-2.078862891923995
1345,0.228425282,-0.21704410853497103
5435,-0.210100047,-0.39399502838120687
3524,-0.091573654,-0.2661082640176162
9910,-2.075955835,-2.0104542098673517
3970,-0.315136941,-0.4342955358437963
3120,0.005468808,-0.13959963715396112
1514,0.15743772,0.13263351424719022
10426,0.199132635,0.18707121463908633
9833,-0.606496984,-0.7126546728460311
4010,-0.469451747,-0.46266249119693925
9121,-0.033448225,-0.4601185754520621
139,-0.068522074,-0.43778136893018654
190,0.399653323,0.2656988373798937
6746,-1.034298945,-1.320684375585018
7925,0.562089186,0.7423090905436776
8040,-0.346483367,-0.40718503906102627
9751,0.031222719,0.07424800820444284
1875,-0.9296255,-0.5109203567630132
10360,-1.014827395,-0.9886201674219208
9379,0.768584958,0.8157286931107604
2254,-0.583738471,-0.9594565043239357
8145,-0.180506579,-0.18806318405884384
9774,-0.808339785,-0.8989688973073817
1382,-0.953413284,-0.306220820020349
8928,-0.936906025,-1.238207372888172
486,-0.306984955,-0.500956820272758
7467,-0.354065767,-0.46423686723978574
6873,-0.557227085,-0.6937867564448477
5686,-0.015740833,0.36080290351247113
7206,-0.939926595,-0.8555574473344187
3129,0.38775637,0.26430842663134596
3418,-0.220367447,-0.6081550511456788
5687,0.151275294,0.0019735369712881867
6704,-0.685711105,-0.7605219925517444
8770,-1.746152695,-1.8586853934830692
9233,-6.043824165,-6.083605388472149
9791,-1.007752865,-0.9071576880808078
5695,0.12312294,0.2803110936230204
4004,0.162634822,-0.2474226869842479
357,1.025434062,0.9388364703239584
4824,-0.946481048,-0.9652755146365465
3686,0.031727385,0.7772843600036674
8925,-0.635612095,-0.4427554468111158
4510,-0.056472873,-0.4125708894917234
2938,-1.076106557,-1.5679518057576303
992,0.212799144,0.1386459292438209
2290,-0.16568481,0.3559850891392736
4472,-0.305102607,0.0833930684450867
5478,-0.071397501,-0.21609157228089088
9357,-1.792276448,-1.5680126102640621
3800,-1.061277577,-1.4778403431493634
1368,0.153429483,0.020444807642546914
3376,1.333441076,1.249497973286898
2863,-0.331374927,-0.12696707386711562
7779,-2.954411369,-3.236416148637126
4153,-0.392525301,-0.6166022865210503
6080,-0.174058433,0.29053335550721093
3810,-0.784445556,-1.0826043584504559
208,0.061850659,0.21636496489181437
2557,-0.469148884,-0.4681362320208517
8921,2.196864095,2.3146946039153375
6109,-0.294702008,-0.5127245794646058
3087,0.680482151,1.046173387938099
9359,-0.662628605,-0.5699145544927895
2605,-0.045253756,-0.10061136329675485
6669,2.234638525,2.4454365245497915
2382,-0.968239678,-0.8651033135350343
2587,0.327083691,0.2661894997813029
7648,-0.177763339,-0.4769318252316328
7457,-0.839070505,-0.6112204937451634
4527,0.730071361,0.9592294664900268
3700,-0.410739921,-0.09118833128568404
9261,8.962599075,9.41071200270166
1218,-0.594725067,-0.8453291829779273
4225,0.903219709,1.0591903508586258
136,-0.682834031,-0.9178100187008711
3118,0.469918558,0.784530695924969
6912,-1.019215005,-1.2251766309461307
2870,0.728463848,0.5372715238913616
6344,-0.808648015,-0.7991201780255648
7731,0.587634325,0.6606768481410311
5763,0.831530366,0.4100852828217479
2021,-1.404702335,-1.3214892536125427
6814,-0.775476285,-1.2026637186592821
2922,-0.387656232,-0.4460654208350045
4669,0.245363008,0.25603283020989803
4063,-0.89887582,-0.8033195185603377
4067,-0.951284673,-0.8621113909859628
6350,0.422816695,1.2568057822670669
6654,-0.778226195,-0.9417523639986771
2905,-0.722632857,-0.4974591067434704
9803,-0.923087445,-1.2277618588951635
2702,0.644219717,1.2479008507102296
9090,-1.415510665,-1.206339251082906
1289,-0.463175849,-1.109043026885745
3099,0.132048682,0.30600586758853965
2351,0.365699094,0.5508008788730092
5524,-0.594640575,-0.8515451304843612
6123,-1.066710825,-1.0036006909377337
3975,0.346274248,0.4037474668582269
2657,-0.767018298,-0.4999440477490474
4221,0.184661213,0.43809352573450994
1751,-0.874723268,-0.6713606721407277
2299,-0.288751151,-0.7396752415279453
8269,-0.135730383,0.10208292232009938
5775,-0.542505061,-0.9333584900574236
9252,-1.644796295,-1.7753379193886103
10273,-1.341861765,-1.0599411204758686
418,0.345867301,0.699656456219148
6047,-0.392317435,0.06754457169089356
6827,-0.084158445,-0.08784797979241728
9007,-1.814919655,-1.5209183841598317
8072,-0.239681815,-0.425191321013239
528,-0.48212817,-0.40421141948355543
4434,-0.485857218,-0.6517841630742397
6448,1.302553815,0.6267157965805983
1640,1.038256746,1.0455225830018275
648,-0.33702333,-0.4063036890626034
5003,0.128600456,0.029573398489568817
6748,-1.185376305,-1.3372330233256007
6725,-1.196244925,-0.837094516825644
4665,-0.813385135,-0.8607092299694455
2492,-0.302525825,-0.4504626717199316
6771,-11.4867917,-11.476734289283423
5818,0.734892402,0.35994630012319073
5317,-0.423811317,-0.48997278574696124
8312,-0.419000345,-0.3463791439136098
7694,0.282750305,0.46825847487789946
1970,-0.007529965,0.17053705168425856
3936,0.132115759,0.5069672292118477
8228,0.315354646,0.24138332972212773
7716,-0.927591857,-1.1418113923946536
10484,-1.158735285,-0.9879484880189807
8761,1.028758185,0.6401805987998639
4411,-0.431053355,-0.4493760564057129
5677,0.069258686,0.4728029721357244
3683,0.171934721,0.5406991562891151
1891,-0.149068485,-0.14714180405671864
2896,-0.172004382,-0.7972382638495765
2634,0.117380658,0.6273678703729141
9871,0.534358789,0.16601021918290237
2417,-0.496854155,-0.394677390079851
6261,-0.891930155,-0.6599581590002722
5032,-0.336352433,-0.1170522449643556
1051,-0.300960899,-0.1822198389687773
3110,-0.601684268,-0.9502194211737092
255,-0.45646974,-0.6017399618598754
5385,0.793134831,0.8000936245672124
3558,-0.047136784,-0.08107519975472212
156,-0.203481286,0.35625106734342693
4637,0.423720295,0.057624088016807296
5823,0.114684962,0.47375824662840565
10533,-0.972546025,-0.7278677516211511
73,-0.661377583,-0.19198448625579823
9705,-0.862814715,-1.1055038828777402
6588,-0.749896465,-1.0139000595072292
7402,0.003397137,-0.029562099930580697
7512,-0.151856937,-0.08669455574147973
3659,-0.314103181,0.3496561308191726
3152,1.099945906,0.22784944020350772
2210,-0.380236905,-0.7553592251909153
3957,-0.190090292,-0.26194086860652493
3164,1.160220481,0.8139116805301048
1566,0.139672088,0.15976930316746157
3141,0.047924553,-0.5902436731054486
301,-0.712664919,-0.8807192310590908
251,-1.039939906,-0.7645813218835673
9832,-0.828095745,-0.9646984719435938
618,-1.069648615,-0.925345845478986
5273,0.349128042,0.5588039475242367
10287,-0.361739566,-0.3589714681013593
7542,0.600688264,0.8391651981626677
6166,-0.376719841,-0.03593548721685341
642,-0.988844002,-1.0667214074090814
6762,-1.193091505,-1.103923338524474
1656,1.224238527,1.2747768198808842
10361,0.148286415,-0.07095752268262592
4717,-0.300016936,0.05526005755885183
7584,-0.852662591,-0.6539017809804161
9374,-1.168261836,-1.4110658414384643
7273,1.079000058,1.0112580332771874
8136,0.160832959,-0.11171779445365732
3709,-0.386120829,-0.3742867145277782
8847,-1.620070585,-1.583632265740136
8822,-2.635041715,-2.555492538176024
7374,0.185365928,0.32651082683873195
10755,1.890839845,1.8897955904280395
5403,-0.920146687,-0.8928186051232261
10258,0.171278246,0.04056499628457885
1474,-0.089353341,-0.324822834924672
9740,-0.352500228,-0.5967462049792811
9255,2.224339945,2.0817222723356372
8599,-0.575581042,-0.47195678750684394
2481,-0.77312358,-0.257310208137811
116,-0.636446105,-0.646859635911573
9699,-0.580234425,-1.0270197043320655
1713,-1.017753785,-0.7635272818548735
1100,1.091312958,1.3907159909578957
3995,0.169077329,0.17761460335494766
465,-0.741849808,-0.8081406878599668
4655,0.090147641,0.7366262442149425
4136,-0.946092333,-0.9628684675566639
1621,0.267223137,-0.16426025649520998
6416,-0.635173535,-1.0204896458217543
708,0.769738212,0.1451593896348834
8840,-0.603673105,-0.8156738362219422
6071,-0.456363585,-0.9089303754638569
9802,-0.807133725,-0.1154426737898433
1951,-0.148984835,0.2295916152141975
2158,-0.634384695,-0.24989155649886946
1256,0.121438692,0.623210408051311
3506,-0.607285978,-0.5103936269146995
4716,0.15789215,0.8744037478611315
3006,-0.289461685,-0.14365079817470894
7373,0.397590105,-0.1751691326931728
8027,0.255229039,0.27320061603893153
4708,-0.356369807,-0.06978903583783835
1767,-0.203777754,-0.256543497729701
3862,-1.047701137,-1.0498146326441664
3500,-0.327579619,0.026612654735643393
8871,-0.952205335,-0.9276520346411384
2554,-0.279088525,-0.5395763445629099
8388,0.111684368,-0.06509175123852029
6122,-0.886154665,-1.1147020664976546
3269,1.150443975,1.3443908363177313
9516,-0.678575875,-0.1242157762893692
6132,-1.071998525,-0.5114175592510992
1338,-0.069308891,-0.1857619365623686
10250,-0.787217988,-0.9546579658972352
7339,0.096927362,0.46012972776265915
3851,0.131495475,0.2795919292929453
489,-0.893375175,-0.6288832479151648
8444,-0.278956015,-0.22253400790246808
6346,-0.822214575,-0.9519031287321991
5208,-0.379563702,-0.6873241337908429
2550,-0.775222258,-1.2510172516713873
5365,0.542732004,0.09349800341827541
6702,-1.176815635,-1.8427490192355553
1987,-0.660822395,-0.5059689088655124
7664,0.344116672,0.6120731761621755
9764,-0.099059325,-0.054494953922208336
5738,-0.057868137,-0.2463112587507535
854,0.78978062,1.2159318943969564
5889,0.496696056,0.3914625943195338
2865,0.887200096,0.7948575546583349
7545,-0.522060375,-0.380907420786433
1614,-0.839600446,-0.8937444200771877
6441,-0.030680885,-0.06915992914514925
4876,-1.059954423,-1.4619760443371805
3836,-0.459762453,-0.08846632574640056
7957,-0.304953625,0.34278272138098753
9227,-1.277253185,-1.4653677694093221
6198,1.976682695,1.8870366682912387
7923,-3.161753823,-2.7749929075779383
4122,-0.97605438,-0.6887168956581283
1132,0.970614824,1.454728204717594
683,-0.325912105,-0.1790997366316246
9959,0.315939677,0.4437129671304234
1787,1.01550558,0.789858658322825
3464,-0.127632003,-0.07504596931982284
6805,0.894752355,0.8567925810758821
1291,-0.235748001,0.5121518542298371
97,-0.548892933,-0.47057635134603315
6651,-0.742009131,-0.8453522936257358
9826,-1.071060477,-1.5774707745593035
3517,-0.216156485,-0.08883830364169623
10749,-0.998356555,-1.0463681570738033
7845,-0.910451815,-0.47088866395558576
9815,-0.593203134,-0.5315572057319939
8427,-0.500618169,-0.7723573330113442
7470,0.02817698,0.3126198651416149
508,-1.084892568,-1.0703360796165517
6809,2.199296735,1.807851667870115
4158,-0.827578049,-1.0225261146492308
8190,-0.023067295,0.15814819847648698
2289,-0.294310164,0.13240079450955228
2083,0.100254765,-0.5885995209411714
7266,-0.961448505,-0.6992515796979353
8902,2.424729125,2.131743030240933
5471,-0.461931881,-0.3474116303112472
7937,0.004924444,0.7305577777940391
5957,-0.258686925,-0.07791284460649775
3046,0.269645086,0.6173673054867692
8304,-0.133192377,0.11625728307949862
7815,0.290096562,0.33551878082160563
5474,-0.312406143,-0.36336185030331924
6557,-0.433084395,-0.09945420923359849
10777,0.741621505,0.6493832349954574
7360,-0.845449842,-1.0733517473257659
7997,0.019955809,-0.23058154219167054
6703,-1.203582955,-1.6234874064198057
14,-0.262412708,-0.7798880577539098
8996,-0.799880534,-0.44971521400868814
8376,-0.01818564,-0.4275268960851843
1383,-0.227586491,-0.4093009679010015
3297,0.831647919,0.5479958550171806
2441,-0.480931822,-0.06649559839285407
9378,-0.240573835,-0.36050498843291723
1641,1.175034903,1.5987010696246289
7604,1.4600153,1.5517149705927789
1042,-0.161634123,0.1619701270293887
7328,0.074070955,-0.33861927163590855
3392,-0.02060514,-0.042796999078313414
9996,-0.755468205,-1.3549716951433877
10043,0.518440401,0.5557558310723143
6115,0.080862765,-0.2284448175441921
269,1.773878821,1.8131009941858274
4988,-0.178751309,-0.12097223338060846
8724,1.534057425,1.4925568403950866
10812,-0.692183945,-0.722235775636027
1630,0.112979761,0.2583996061883424
5441,-0.361534664,-0.5515040830144932
8587,-0.473679988,-1.1161092520959115
3061,0.950350507,0.8504923856852467
5525,-0.454925766,-0.6384158870083677
8594,-0.340181891,-0.3689820895201575
5639,-0.006265285,0.06321695725042754
2722,0.193921383,-0.12375089311698012
431,-0.32464664,-0.9364162933280301
4891,-0.426664295,-0.7924496349566581
361,-0.052998932,0.4068227419007733
8808,-0.623171025,-0.47700556661087185
2751,-0.466178081,0.005727836564456856
7154,0.073824205,-0.04182376727370746
9056,0.993446415,0.9383843183950603
8665,-1.104271345,-0.8463821089435462
1683,-0.733244616,-0.6359368314835191
6250,-0.318655465,-0.4895651538777195
1866,-0.061908483,0.24785537830249715
9420,-2.598363525,-2.51071887236436
3454,-0.248541569,-1.1273761760006804
124,-1.010565217,-0.8345080888599188
7024,-0.801425445,-0.46021111571132584
451,0.762174263,1.0487169591503716
9621,-0.059067725,-0.2120359108596898
1606,-0.266682038,-0.22988094320156136
8650,-0.565025075,-0.8916330981429026
10301,0.90257684,0.6093676047548868
6467,-0.363453515,-0.5083486928218522
1478,-0.117455625,-0.38370327834063
9117,-0.236210125,-0.017439040206774087
7552,0.191014765,-0.2666567474183251
4001,-0.278927161,-0.2882882076817252
6287,-0.322960315,-0.11331561391585712
10369,-0.824727835,-0.29528006986247923
6757,-1.185318635,-1.0377143508299305
22,0.817182076,0.8374405374063771
10060,-0.012274511,0.029671896555463255
5903,0.50031449,0.8183576356013809
4299,0.85859372,0.6208366858654362
3278,0.909097776,0.9329771347128109
2128,0.084107394,0.2987217886323732
7325,0.555023614,0.7673011605923858
7825,0.462215151,0.8118936195432385
8723,1.644703355,1.740759711476562
1407,-0.272188806,0.178211289586646
3787,1.303070995,1.0374963891627331
9542,-0.809651985,-0.5747052881960476
10354,0.637418545,0.8457164593447897
5270,0.364765063,0.7519925902367284
1417,-0.894359139,-0.8137814553410229
129,-0.680218201,-0.8312608972348597
1665,-0.787819904,-0.7946803226896646
826,-0.986095244,-0.5122236002807863
2081,0.325303386,0.5056654106787345
3991,0.009916373,-0.13146274921075587
9034,-0.218937735,-0.22774324563470835
9004,-7.676447425,-7.723074154758328
1773,-0.89513616,-0.8367539234288272
2354,0.523193686,0.8867768816159202
6993,2.209168615,2.5312551981722713
7375,-0.057373096,0.53433024772466
170,0.61473074,0.3478764111123431
9558,-0.808836615,-0.9812171724550174
6370,-1.546830765,-1.624512403973517
1251,-0.681977009,-0.43191832051732265
10640,-0.408696395,-0.32661202065028844
2090,-1.003077461,-0.905054031619304
7043,-0.664218335,-1.1209186304845233
3337,-0.440702939,-0.4853937319301891
8941,-2.506021145,-1.953476462184018
10499,-0.938194025,-0.8975466133049714
5767,0.490417982,0.46644544620123507
8601,-0.26051417,-0.48915420455422937
3348,0.663730959,0.8674103460177836
9336,-0.648004625,-0.23056723491321734
2343,1.374681561,1.2168711081997259
9573,-0.240795925,-1.0643857911017154
9453,-2.56633035,-2.4973530463746187
9838,-0.195690259,-0.49533651980021487
1724,-0.086797648,-0.3674292586133786
7461,0.594304515,0.584691803795854
1295,-0.800451292,-0.8301181879573428
2940,-0.16318354,0.13578761317383417
3147,0.632618143,0.4189659837471869
3251,0.441680897,0.5311284367971577
6699,-1.177144585,-1.4242956458923461
3509,-0.409769971,-0.5698500629317501
8473,-0.575686214,-0.7540373227847021
10574,0.216879491,-0.11703973935615328
9885,-1.345917155,-1.6742654632504688
500,0.932046769,1.2099000332594925
3675,0.539754262,0.5616164914046546
5494,0.566898025,0.6961567507045112
2367,-0.929105355,-1.441312742277884
602,-0.598141184,-0.337259407968302
5998,-1.099829075,-0.9594439483604444
3,-0.195509303,0.2613996539224076
7121,2.215700505,1.9632656507612976
1984,-0.667531905,-0.38159439138717405
1632,0.319726549,0.12666159930476142
9178,0.925309615,0.6173219701347463
8735,1.499129545,1.3080648283183127
2035,-0.705884975,0.1220130366733233
4030,-1.033424276,-0.774757222433907
6972,0.340627475,0.9142291157158092
1518,-0.152569331,-0.45982537829876147
1565,0.536975708,0.45257744086453605
9124,-0.569422485,-0.3877683896627505
3393,0.497829819,0.47513013770225093
5176,-0.371155521,-0.7616319158409993
466,-0.177142435,0.007107575013027584
10327,-1.385258762,-1.2358251633066377
7409,0.615444862,0.969441420906936
8476,0.969612221,1.015369985869285
9520,1.350985085,1.659866393425908
5592,-0.661787795,-0.8879464291072884
9746,-0.799494065,-0.8348883933822133
10392,0.804312655,1.1312015118727485
429,0.587716911,0.06009506507306572
4338,-1.186674028,-1.8056949737438366
331,0.562067325,0.29289101355425057
7448,-2.155592903,-1.7844386629132973
7790,-0.187779578,-0.1535883775616683
10154,-0.074520143,-0.05139655958555191
3628,1.326934018,0.8640935634371063
1620,-0.064934933,-0.030953809838670666
8079,0.218940754,0.6192095122518071
906,0.2635779,-0.1443789422939758
153,0.827915334,0.897591443148301
10568,-0.804265635,-0.9481231333895352
987,-0.631140429,-0.3679317418272986
5676,-0.694265534,-0.640378852210423
8602,-0.434549473,0.34124307970516865
3195,0.958277455,0.3942744448276708
4473,-0.395414741,-0.2321486352978959
1605,0.843005271,0.5570066885223863
9048,-0.908415985,-0.9664182699038868
10277,0.313653241,0.4311185935780282
10444,-0.807953105,-0.6619306543525819
8135,0.324754819,0.2880240220757807
3040,0.639428609,0.8224934598767667
6565,0.063413435,0.275582847141283
2327,-0.655979116,-0.7721090267423203
3530,0.738199265,1.187428769953888
10169,-0.259650555,-0.4135887289092849
844,0.972782619,1.0227182814639169
7226,-0.633807605,-0.6510268441360381
6296,0.974439885,0.6956989828470725
1513,1.059458904,0.49949791887808204
1615,1.076695411,2.034627681353458
10729,-0.850866225,-1.183415352239035
4802,0.135212278,-0.2834222734265216
8487,-0.235693306,-0.5310834121053867
10193,-0.481077485,-0.4864361314663201
3397,-0.281952114,0.1647818184984869
10342,-0.653745606,-0.8491318454949546
1398,-0.912696618,-0.5525724456166724
8725,-0.363789015,-0.47701603533909887
4217,0.026807567,-0.11772222432804255
3028,0.47356951,0.32062750204273527
1532,1.220905405,1.3178557192554345
1938,-0.590722585,-0.2649866875181958
5356,0.916304712,0.4267002464920748
10179,-0.481829505,-0.1463280639620616
5303,0.06264183,0.22871268932033795
5539,-0.188453255,0.09728533616085083
1570,-0.179791464,0.0584879398865481
9551,0.384236895,0.4059233991374609
795,-0.834921449,-0.518975593000129
8686,1.529135435,1.1927952311726233
154,-0.977429643,-0.8895079010103957
4692,0.008683833,0.294075706289845
7701,-0.312813443,-0.6468018932343893
5820,-0.699999108,-0.689883391529684
2491,-0.266441626,-0.47335995821925214
7742,-0.176564194,-0.3659365348722102
10503,-1.158856895,-1.1364511422089343
10337,-1.031012495,-0.5439537317324581
2014,-1.539621835,-1.2907793824204754
4805,0.021519443,-0.457248747572234
10119,-0.258200205,-0.5950746082342713
2504,-0.590251787,-0.9157969449673394
8874,-2.520928765,-2.381938311929731
6586,-0.126299189,0.3030464463285223
9640,-0.645721715,-1.1560638572801725
10413,-1.161077195,-1.3193733278535014
3824,-1.118840538,-1.31987509813627
7758,0.709075768,0.2868877349522793
4052,-0.55998266,-0.4219011725053088
2185,-0.634543185,-0.17451307461110233
2598,-0.669524671,-0.30950098407194165
3134,-0.166872179,-0.15447448931881447
3247,0.852954705,0.6330078458670011
7559,-0.304225855,-0.3683038276615127
4335,-1.046382882,-1.2400545036106185
10276,-0.282690223,-0.24718520330344684
7502,-0.963151286,-0.7371260439736722
4550,0.161345275,0.5792996523804718
10588,-0.656411605,-0.5367977644628967
7140,-1.003075275,-1.9693801817957142
3693,-0.542599484,-0.22538899238653254
9897,-0.344119922,-0.4252010323023827
7879,0.664744856,0.7844580981939578
10505,-0.920464835,-0.691324903291022
2278,0.434647162,0.6345409122727635
7208,0.672605585,0.29149697110247413
2693,-0.487740518,-0.5280895533205199
9649,-0.713323305,-0.6488284597636356
6880,-0.017244445,0.03885261791739929
1317,-0.361786369,-0.4533537803064003
1007,0.385586806,0.5761383465045908
8197,-0.247369439,0.37583359287098594
10410,0.244611355,0.24548914500383132
4610,-0.15276158,-0.1324100258249187
4885,-0.610745089,-0.7529985415311895
6058,-0.528781595,0.26382197814778596
4951,-0.850113292,-0.474173444569527
3313,0.851985164,0.5475573160442444
7431,-1.265019195,-1.6918822673434664
6656,-1.618542345,-1.9993296765729314
9337,-0.134958745,-0.19863203795197915
8344,-0.450272075,-1.0472559559463375
8479,-0.299704549,-0.704017318092821
4201,-0.975997372,-1.303059894039829
4191,-0.780096769,-0.7010315254135645
7331,-1.033923174,-0.8165758558854816
7438,-0.434481135,-0.888630285373456
9942,-0.201134713,0.4055175170262135
10527,0.721320452,0.4373510964416555
9513,-2.731306515,-2.806203176465676
1685,1.106160578,1.462464394538469
9406,1.238389862,0.8790024732978015
7441,0.120975305,0.9586379653729883
6666,-0.909080295,-1.2851320987115284
3784,-0.990470699,-0.8511597399360277
7585,-0.66852234,-0.9153791104555297
391,-0.812748661,-0.6651729095480483
6761,-1.194272935,-1.2529147280757922
2098,-0.053560439,-0.5196880688048192
7662,-0.030484915,-0.23235651460282047
4228,-0.44084988,-0.3578754283226854
4998,-0.628619703,-0.3862088461793786
5028,0.922246045,1.3086687624557132
2025,-1.388885565,-1.3337307015738915
6584,-0.621376225,-0.1431228381387964
730,-0.127949424,-0.06919584747069554
3384,-0.51535463,-0.18358450269280735
9753,0.027565605,0.1285405186377105
5359,0.802765348,0.7203117577990623
2909,0.315802396,0.6929471610587719
9479,-1.20429488,-0.891087341167286
305,-0.311252108,-0.27605389300736544
598,-0.30439103,-0.43767900802283344
3416,-0.328427117,-0.07620677236113521
4137,-0.820911804,-0.7195245455303645
4959,-1.065751673,-0.914824562412876
1917,-0.723941905,-0.9101961844753348
8546,-0.670219242,-0.6458360917226794
797,-0.098671335,0.10577887421178733
10500,-1.158089935,-0.6956935915596039
759,0.046970658,0.2570636218226974
3320,0.732359022,0.7911984597071722
10653,-0.690907605,-1.1905229964722999
7390,0.998608919,1.3834474096516942
1788,-0.276614057,-0.18086170387424588
6485,-1.078306975,-0.32877782988355164
10685,-0.850346125,-1.1054054487443967
3814,-0.990475597,-1.3698251190864896
4942,-0.11607492,-0.09122514884457003
9399,-1.264240825,-1.0722699378543745
8970,-0.564052795,-0.6813601950596729
1350,0.311617285,-0.039416622817807834
3371,1.014220931,0.6556328019202267
8033,-0.481261487,-0.2456578060969151
10524,0.492874925,0.5614195783154575
6386,-0.317466644,-0.324786214170847
8574,-0.539843243,-0.5833032695438283
10642,1.219138162,1.5399232739185549
9416,0.456898067,0.9771106533267857
10381,-1.014917835,-0.7299511145252124
7031,-0.617270095,-0.7768334200867986
4264,0.430345674,0.4123978309410289
8897,-0.142152995,-0.050805334495956575
3811,-1.124859152,-0.9988016891315025
10690,-0.061321635,-0.2145268164586952
2361,-0.502047447,-0.9078485327530603
1402,-0.157924396,0.19778685039889907
3183,0.460545733,0.3613089657017328
3442,0.440844555,0.483139364883618
1037,-0.653055389,-1.0923678530629461
9280,2.241838795,2.584908608478584
1067,0.719817703,1.068065739213556
4533,0.819312455,0.555770314597382
7116,2.208699775,2.7346582156196755
1803,-0.09330457,-0.5474188877838482
7381,0.128499847,0.24711195135569974
70,-0.493524025,-0.3851053433474758
5507,0.072722151,-0.6868086438752441
9798,-0.903173765,-0.9377302636329438
10738,-0.997731905,-1.1214579259549722
596,1.051862302,0.9708998214119886
1879,-0.726383795,-0.9681448149488567
7689,0.401171174,0.34234321079691865
1036,0.112988197,-0.2547415019007023
2297,-0.999525559,-0.5790459811160711
5077,-0.140096449,0.1710512205974729
7776,0.19928632,0.5113036872380168
1671,-0.882561779,-0.9926091025444063
5829,0.541591438,0.9502311591055237
4558,0.211070133,0.04977640566605504
3109,0.251478766,-0.30946613585964916
4006,0.207542449,-0.6037750404808325
1250,0.150006155,0.24927022466433713
5503,-0.301576829,-0.7161820996077313
2206,-0.670404035,-0.22516922643921056
7342,0.152673149,0.4081504627679592
1809,-0.593537562,-0.32502606777716536
6755,-1.036591265,-1.7520629176851745
6655,-0.645176015,-0.10014932612746863
117,-0.40221024,-0.7528136512858596
2016,-0.651174885,-0.7305293373931832
8408,-0.229402851,-0.4175306984316888
8439,-0.721889442,-0.5687092348769061
3985,-0.570017402,-1.194647012956696
5099,-0.789961848,-0.7695401672254137
4928,-0.50951738,-0.8966858065838657
5745,-0.121599511,-0.0115755886323229
2442,-0.617522764,-1.0052015725316856
5779,-0.408376748,-0.19898453896097076
3550,-0.056515187,-0.2159515524077645
5123,-0.250771814,-0.27166184999003246
2220,0.158631815,0.051129769393633354
7028,1.053293435,0.7062110158311588
6245,-1.816167045,-1.666830552174667
2122,1.160712191,1.1549340770796817
222,-0.132652639,0.07322541811235406
4881,-0.4353767,-0.023202384436565193
655,-0.923496408,-0.9057308777956535
6438,-0.961448505,-0.8098473607057954
2809,-1.031738531,-1.1966006133786604
9808,-0.924734085,-1.546374619828946
583,-0.630986549,0.05022130834131877
6456,-0.823302215,-1.1778968138204657
9873,0.535172817,0.9524228814529929
322,0.383274519,0.13780831402995825
10693,0.350825624,0.32425430381936304
8337,-0.290390773,-0.6962505396892116
8890,1.077873415,0.987192597375242
2576,0.589377758,1.0286309296257312
5144,-0.363628036,-0.09123934191188532
7813,-0.248627636,-0.36811254606276456
4055,-1.215406393,-1.1534978616023648
9968,-0.926170955,-0.9071559372086846
9066,-0.897243875,-1.1662195371941575
10243,-0.431187371,-0.27648918197498173
9763,-0.805539615,-0.7079617655311254
6484,-0.622359825,-0.4114177658291852
4374,-1.046353901,-0.7480196883473278
6010,-1.100517995,-1.1181341231313886
4979,0.562764752,-0.10336155068053776
10582,-1.157635455,-1.3037856099087435
7415,-0.599390689,-1.1283616986710454
5731,0.468216758,0.4811290192551163
9543,-0.828269015,-0.9989321075592108
369,0.542255124,0.31035218884336
7942,0.096223743,-0.3369539211221271
10585,-0.707161905,-1.087344911511819
4121,-0.734806278,-0.7759995677366639
8164,-0.369678895,-0.9001182048120155
8816,-2.625183325,-2.705693964741214
4444,0.402204934,-0.17882087675073943
7516,-1.14542538,-0.6105536999804568
9204,1.847355615,1.511086522869552
7895,-0.248627636,-0.41337531852913295
8598,-0.134183688,-0.4547399142247316
1131,0.337427827,0.46400405327058547
2265,0.960320349,1.3180726027433924
6137,1.413575525,1.242220332774744
5870,0.697076061,0.506413731355333
5306,-0.215692803,-0.2544030375389351
6578,-0.749641205,-0.6735200159675501
373,-0.68162639,-0.393845142174438
4528,-0.009191053,-0.025123093509073192
10122,-0.478242195,-0.268478463398404
9777,-0.924485615,-0.8747279069603983
4675,0.459702997,0.17090769342430712
1778,-0.390850848,-0.519641515355178
5817,-0.654768482,-0.6019233464336924
9249,2.241838785,1.7391646501127718
3153,-0.20848546,-0.32093207698654186
3677,0.441678856,0.396605959360522
7366,-0.538608346,-0.020219195385470456
10024,-0.710931385,-0.4813001366874952
5638,0.020086219,-0.08184148329425714
2075,-0.491666032,-0.5864878888081149
8717,0.827087455,0.8710301384959955
5970,0.492657615,0.785371628300775
1294,-0.581730679,-0.5571818714357305
5963,0.101653431,-0.3109998358706228
8940,-0.568988185,-0.14442682698945303
2916,-0.223491722,-0.27616090564976464
7988,-0.549706553,-0.45227908113993753
1418,-0.262519921,0.1960206069237595
10284,-0.261014859,-0.22457128520128264
7880,-0.975953562,-1.3719767183211906
10290,0.899475559,0.5999044430552681
8317,-0.035166088,0.21701592583501494
7500,-0.582083746,-0.06437560815556886
7843,0.045278656,-0.07330640840485421
10611,0.198096562,0.5347575619880106
5691,-0.532889918,-1.05682993567371
2610,-0.738707302,-0.5432507045981483
4418,-0.557652414,-0.6629072430229423
8862,0.531285895,0.4035404954900346
115,-0.698376493,-0.6079122902999163
10734,-0.217900275,-0.5132241888525636
5271,0.338529071,1.1149017630592053
8193,0.123103013,0.15044047317601306
1552,-0.562840128,-0.8262349040269683
5065,-0.981890133,-1.0433531321594152
8543,0.534248174,0.5315004624396035
3140,0.821207864,1.075239096564948
1123,-0.029431969,-0.37233344281914504
9106,-1.513989515,-1.2862950063619663
4366,-1.043221055,-1.2009103351956154
10255,-0.213660521,-0.6191727806073939
5249,-0.783259684,-0.6560928392668042
3552,-0.191962027,-0.08794903371852404
229,-0.8877548,-0.6838754753195972
4682,-0.354356573,0.08695383424513115
5599,-0.336080591,-0.1983823904977127
1554,-0.393148986,-0.46109265357045803
4747,0.687639153,0.3618012632455771
9585,-0.081821645,-0.5541241603195889
187,-0.945232045,-0.9670807187970618
8510,-0.375438865,-0.37452082997842817
10547,-0.247039115,0.02401709014105044
1996,-0.652171995,-0.660128372774718
6299,0.535267745,0.35952992796539296
6263,-0.568470395,-0.4759827759083537
6580,-1.755360355,-1.8417321780603761
88,0.320884666,0.16195660486988836
10662,0.194005058,0.47889750758496014
7579,-0.638534034,-1.067205415953518
9581,-0.558125015,-0.980889754407354
6739,-1.189925955,-1.4983030845032217
678,-0.12657701700000001,0.1541265009442383
371,-0.351958434,-0.20255894662636506
3748,-0.364812819,0.06384449334407016
3070,0.584888832,0.20408968303599023
9510,-1.172347225,-1.8896707945851878
5205,0.312709414,0.5608802462972269
1083,-0.394386695,0.22863770006825224
8127,-0.019054704,-0.3030019427965284
969,-0.776159282,-1.2053918126354144
8214,0.331652361,0.17966191086362424
6636,-0.865396045,-0.7506660502922394
6167,-0.377739335,-0.42393863455934955
9418,-1.652759595,-1.6204315783642371
731,-0.637616739,-0.9311285722845096
2732,-0.717889096,-0.5490248379476935
776,0.858752226,0.6406110732525394
8397,-1.301159259,-1.2505638487169415
2894,0.871688518,1.0241691099023769
7172,-0.635872835,-0.6863987486086643
10769,-1.040040505,-0.43811791368611896
8085,-0.199406926,-0.12886633619014345
939,0.082373349,-0.08685024022101852
256,-0.284464542,0.09560880275598682
682,0.707040598,0.5496845181160679
10691,-1.280991695,-1.019474367744759
3802,-0.734204362,-1.0993891696661438
2912,-0.019733151,-0.23902003371464198
3010,0.667518648,0.6394277913782488
4397,-1.070728635,-1.3599886564269734
5960,0.889708849,0.6459451179634043
611,-0.208698389,-0.22537379027313653
30,-0.160421856,-0.34093383966881907
2197,-0.471913445,-0.46616911177527437
2257,0.000396334,-0.12583220410431598
5043,-0.672185536,-0.9160326131009695
3056,0.751306445,0.58464241115394
8209,-0.337950149,-0.235002582740775
1797,-0.270551497,-0.5093592540410466
2174,-0.467814265,-0.7183571354890069
7574,2.739388517,2.518945247739743
6542,-0.593643475,-1.1189361473215684
2984,-0.764267499,-1.2607337298684889
2207,-0.392210375,-0.285526370364302
547,-0.180692977,-0.2416065928128978
3098,0.299145491,0.26029031694096777
5926,-0.127524654,0.07419214728341472
7168,-0.171368415,0.15419826409848947
3428,0.222682591,0.3559420891872016
945,0.130291099,-0.19073433089784578
9339,-0.881371715,-0.8750049197497225
780,-0.478592731,-0.42528243072002386
6410,-0.285329515,-0.15348370059744648
2993,-0.23675387,-0.3004165609703455
3545,0.062986054,0.1569256960039466
7980,0.186018933,-0.09265901173821911
9446,0.938289715,0.6982228943800289
1678,-0.093585391,0.20590787844438807
7455,0.398713565,0.08369712805304413
3352,0.994680708,1.1231757157125712
7866,-2.362021557,-2.1039667654814527
1680,-0.116250433,0.004868594100982823
1207,0.985898914,0.7870286387347155
1557,-0.199394545,-0.4403482302041034
1041,-0.54200233,-0.679667608860682
10529,-0.840036025,-0.830793884500615
5863,0.521664134,-0.016512199957588902
1010,-0.907914489,-0.5126962693097024
5790,0.369483789,-0.11817942106861828
3374,1.082799741,0.5780021327631943
2698,-1.067129113,-0.8805081159081855
4199,-0.866000931,-0.6946471091342373
10461,1.067183935,0.7702886451506911
2291,-0.286379134,0.007278281234538664
5628,-0.560590699,-0.803858879860075
5653,-0.687288943,-0.34881700801934873
4051,-1.299037179,-1.2446618302193848
5293,-0.33692945,-0.6123930999529374
5717,-0.314538427,-0.39306591406632835
1721,-0.823058782,-0.9009227852751752
2659,0.925429777,1.091405142995435
9191,-1.090736925,-1.6332255235498545
3732,0.370915652,-0.2346307073165914
8247,0.689137442,0.5691894217140421
9872,0.514102499,0.4181303155991259
1719,0.247755024,0.11710911282904699
8188,0.52710378,0.7318054146178977
3963,-0.990043616,-0.759391713209331
8169,-0.325319441,-0.3593970895105894
9760,-0.424222995,-0.8500529539635029
9391,-1.377057923,-0.9227737022838549
8823,2.228537755,2.033838198858053
7125,0.438960303,-0.14126602063787308
2590,1.060784371,1.4320158114052417
3113,0.438640297,0.07579721637435843
3086,0.549646552,0.5326700053300313
5637,-0.458281202,-0.7606547106284618
1498,-0.4645771,-0.1573583422565613
8872,-3.276179445,-3.8066265185259693
7496,-0.542738806,-0.6975737985614304
7235,0.470408485,0.85632312609866
5578,0.166588772,-0.23786434162824704
2881,-0.461080437,-1.0972904827905199
9049,-1.296894355,-1.0278551553900295
2743,-0.872142132,-0.7047002776444481
6714,-0.264370865,-0.8533576093516924
6980,-0.100112335,-0.49474472711495365
7053,-0.641639515,-0.5442420443492446
2731,-0.381625917,0.12387836661255286
4760,-0.066650067,-0.4476496462181627
1497,-0.213251534,0.1492583351779427
3281,0.858869916,0.8678793597492246
9820,-1.130486515,-1.0419279045523493
4161,-0.776905962,-0.6329578513899501
2692,-0.966213247,-0.9780054332882894
4648,-0.088125971,-0.5731399834844042
8960,-0.636462615,-0.4983379200471528
